Día de la semana,Día,Mes,Año,Contador Ruta Reforma222,Contador Ruta Revolución,Contador Ruta Patriotismo
jueves,5,diciembre,2013,2516,,
lunes,9,diciembre,2013,2132,,
viernes,22,junio,2018,2913,980,1163
martes,10,julio,2018,2531,877,1013
sábado,7,julio,2018,1534,616,584
sábado,29,septiembre,2018,1751,603,643
viernes,27,julio,2018,2873,867,1067
lunes,6,agosto,2018,33,803,
martes,28,mayo,2019,4015,1125,1416
domingo,16,marzo,2014,1275,,
lunes,10,marzo,2014,2491,,
miércoles,3,septiembre,2014,1982,,
sábado,6,septiembre,2014,1471,,
miércoles,30,julio,2014,2367,,
lunes,7,julio,2014,1957,,
miércoles,1,octubre,2014,2748,,
martes,14,octubre,2014,2189,,
miércoles,26,noviembre,2014,2645,,
miércoles,29,octubre,2014,2739,,
viernes,21,noviembre,2014,2422,,
viernes,28,noviembre,2014,2544,,
lunes,16,febrero,2015,2427,,
viernes,17,abril,2015,2726,,
lunes,23,marzo,2015,23,,
miércoles,24,diciembre,2014,415,,
domingo,28,diciembre,2014,1225,,
martes,16,diciembre,2014,2511,,
miércoles,27,julio,2016,2644,717,787
lunes,25,julio,2016,1855,645,711
domingo,10,julio,2016,1013,528,462
jueves,21,julio,2016,2675,803,801
sábado,11,junio,2016,1279,,
jueves,28,abril,2016,2975,,
domingo,11,septiembre,2016,972,464,495
viernes,2,septiembre,2016,2704,852,934
lunes,12,septiembre,2016,252,785,824
lunes,29,agosto,2016,2642,809,842
viernes,4,enero,2019,3133,662,846
domingo,29,diciembre,2013,1219,,
jueves,26,diciembre,2013,1426,,
domingo,26,enero,2014,1545,,
domingo,5,enero,2014,988,,
miércoles,12,febrero,2014,2793,,
martes,4,febrero,2014,2579,,
jueves,30,enero,2014,2767,,
domingo,25,diciembre,2016,520,251,449
jueves,22,diciembre,2016,2393,797,839
sábado,14,enero,2017,1442,573,571
martes,17,enero,2017,3071,1019,1203
miércoles,22,marzo,2017,3195,1183,1327
miércoles,1,marzo,2017,3269,1168,1371
viernes,3,marzo,2017,2921,1013,1199
martes,21,marzo,2017,2997,108,1302
miércoles,21,septiembre,2016,2551,773,844
domingo,18,septiembre,2016,1217,487,560
miércoles,5,octubre,2016,3197,909,1073
viernes,28,octubre,2016,2668,872,966
jueves,20,octubre,2016,2938,975,1043
lunes,7,noviembre,2016,2782,103,1022
lunes,24,octubre,2016,2909,911,1032
miércoles,15,noviembre,2017,3486,1153,1349
martes,12,diciembre,2017,2637,950,1088
domingo,3,diciembre,2017,1284,574,478
martes,5,diciembre,2017,3413,1133,1327
sábado,10,febrero,2018,1486,981,625
viernes,19,enero,2018,,1015,1079
domingo,21,enero,2018,,549,559
sábado,6,enero,2018,,611,527
lunes,29,enero,2018,,866,986
viernes,25,noviembre,2016,2651,960,973
viernes,11,noviembre,2016,2735,765,860
lunes,5,diciembre,2016,2844,961,105
viernes,27,abril,2018,3087,1012,1236
lunes,9,abril,2018,3078,112,1314
miércoles,26,abril,2017,3238,1205,114
viernes,24,marzo,2017,2894,1115,1232
sábado,15,abril,2017,2274,774,725
sábado,13,mayo,2017,1446,614,658
lunes,15,mayo,2017,6056,1101,1288
martes,27,junio,2017,2456,911,529
lunes,5,junio,2017,2933,1002,1286
lunes,22,mayo,2017,2628,896,114
sábado,15,julio,2017,1674,629,571
sábado,22,julio,2017,,627,558
domingo,23,julio,2017,,423,580
jueves,27,julio,2017,,922,967
domingo,5,noviembre,2017,1541,,538
jueves,12,octubre,2017,,,1123
martes,24,octubre,2017,,,1168
miércoles,13,septiembre,2017,,108,1167
lunes,21,agosto,2017,,969,1101
jueves,28,septiembre,2017,,,1008
domingo,1,octubre,2017,,,687
lunes,26,marzo,2018,2905,904,1152
viernes,25,mayo,2018,3175,1043,1223
martes,22,mayo,2018,2884,109,1274
domingo,19,abril,2015,1236,,
sábado,27,junio,2015,1338,,
viernes,15,mayo,2015,2526,,
jueves,21,mayo,2015,2884,,
jueves,12,noviembre,2015,2885,,
jueves,17,diciembre,2015,2508,,
jueves,31,diciembre,2015,1253,,
domingo,18,octubre,2015,778,,
miércoles,20,enero,2016,2651,,
martes,19,enero,2016,271,,
martes,26,enero,2016,7282,,
sábado,12,marzo,2016,132,,
martes,26,abril,2016,2975,,
lunes,14,marzo,2016,2645,,
lunes,21,marzo,2016,1077,,
miércoles,2,septiembre,2015,1839,,
sábado,26,septiembre,2015,872,,
viernes,25,septiembre,2015,2559,,
miércoles,7,octubre,2015,2882,,
miércoles,1,julio,2015,2435,,
sábado,22,agosto,2015,1331,,
sábado,25,julio,2015,1419,,
sábado,27,febrero,2016,1543,,
jueves,3,marzo,2016,337,,
martes,3,junio,2014,2546,,
sábado,24,mayo,2014,1267,,
lunes,26,mayo,2014,2329,,
viernes,3,mayo,2019,3821,1079,1261
domingo,10,febrero,2019,2131,655,651
domingo,3,febrero,2019,1909,337,566
lunes,25,febrero,2019,3346,840,1248
viernes,8,marzo,2019,4247,982,1324
lunes,11,marzo,2019,3871,715,1365
jueves,4,abril,2019,4232,676,1330
martes,9,abril,2019,3974,1104,1488
lunes,1,abril,2019,3869,965,1367
sábado,22,junio,2019,2748,774,945
lunes,17,junio,2019,3692,1054,1297
lunes,24,junio,2019,2979,630,935
jueves,11,julio,2019,3420,755,1117
lunes,1,julio,2019,3446,725,1138
miércoles,12,junio,2019,4188,1148,1358
viernes,28,junio,2019,3724,556,1159
martes,11,junio,2019,4133,1171,1370
sábado,1,junio,2019,1792,664,604
martes,15,enero,2019,3972,913,1404
domingo,17,febrero,2019,1832,408,642
lunes,18,febrero,2019,3786,935,1368
martes,19,febrero,2019,4037,927,1494
miércoles,27,febrero,2019,4003,999,1474
lunes,4,marzo,2019,3021,766,1198
jueves,7,marzo,2019,4050,868,1314
sábado,9,marzo,2019,2329,466,750
miércoles,27,marzo,2019,4228,919,1464
sábado,13,abril,2019,2243,688,700
viernes,19,abril,2019,2011,432,575
sábado,28,diciembre,2013,1052,,
miércoles,15,enero,2014,2283,,
martes,17,diciembre,2013,2246,,
viernes,17,enero,2014,2297,,
jueves,23,enero,2014,2442,,
miércoles,5,febrero,2014,2661,,
domingo,9,febrero,2014,1373,,
jueves,6,febrero,2014,2671,,
sábado,22,marzo,2014,1882,,
sábado,5,abril,2014,1494,,
jueves,20,marzo,2014,297,,
martes,1,abril,2014,2222,,
lunes,24,marzo,2014,2692,,
sábado,12,abril,2014,16,,
viernes,18,abril,2014,983,,
domingo,27,abril,2014,1673,,
lunes,14,abril,2014,2016,,
sábado,12,julio,2014,154,,
sábado,22,noviembre,2014,1457,,
viernes,26,diciembre,2014,1472,,
domingo,21,diciembre,2014,943,,
viernes,7,noviembre,2014,2772,,
miércoles,28,mayo,2014,2263,,
viernes,20,junio,2014,1786,,
viernes,30,mayo,2014,1972,,
martes,27,mayo,2014,2616,,
domingo,4,mayo,2014,1243,,
lunes,12,mayo,2014,2362,,
domingo,21,septiembre,2014,117,,
viernes,10,octubre,2014,1992,,
viernes,17,octubre,2014,2479,,
domingo,26,octubre,2014,1299,,
lunes,6,octubre,2014,2155,,
sábado,7,marzo,2015,1848,,
miércoles,4,marzo,2015,2991,,
sábado,7,febrero,2015,1652,,
lunes,2,febrero,2015,1045,,
martes,27,enero,2015,2968,,
sábado,23,mayo,2015,1506,,
miércoles,9,septiembre,2015,2826,,
jueves,1,octubre,2015,2576,,
jueves,30,julio,2015,2735,,
lunes,17,agosto,2015,2089,,
lunes,3,agosto,2015,239,,
sábado,21,noviembre,2015,1468,,
viernes,10,julio,2015,5861,,
domingo,28,junio,2015,826,,
martes,23,junio,2015,2823,,
miércoles,21,octubre,2015,2987,,
viernes,23,octubre,2015,2743,,
viernes,30,octubre,2015,2433,,
miércoles,13,julio,2016,263,731,904
sábado,23,julio,2016,1345,554,471
miércoles,1,junio,2016,2825,,
martes,17,mayo,2016,2463,,
jueves,26,mayo,2016,2326,,
miércoles,6,enero,2016,2236,,
sábado,23,abril,2016,1347,,
sábado,7,mayo,2016,1459,,
miércoles,16,marzo,2016,2566,,
jueves,14,abril,2016,3128,,
lunes,4,abril,2016,2736,,
jueves,11,febrero,2016,2259,,
lunes,15,febrero,2016,2439,,
domingo,13,marzo,2016,133,,
lunes,22,febrero,2016,2504,,
lunes,8,febrero,2016,2128,,
lunes,15,agosto,2016,2712,845,930
lunes,13,febrero,2017,2993,1119,1171
lunes,20,febrero,2017,3069,1102,1231
domingo,15,enero,2017,1245,567,551
domingo,8,enero,2017,928,504,473
miércoles,31,mayo,2017,2849,106,1139
sábado,22,abril,2017,1691,657,653
sábado,20,mayo,2017,1606,653,649
sábado,6,mayo,2017,1584,717,735
jueves,25,mayo,2017,2615,893,1112
jueves,11,mayo,2017,26,940,124
miércoles,20,diciembre,2017,3022,985,1055
jueves,7,diciembre,2017,3394,1113,1266
lunes,11,diciembre,2017,2885,956,1083
sábado,4,noviembre,2017,4884,,1237
viernes,20,octubre,2017,,,118
lunes,23,octubre,2017,,,1161
lunes,20,marzo,2017,1325,514,570
lunes,13,marzo,2017,285,981,1157
jueves,13,julio,2017,15012,900,1187
miércoles,23,agosto,2017,,1088,1217
jueves,3,agosto,2017,,916,948
lunes,24,julio,2017,,693,814
domingo,17,septiembre,2017,,506,546
lunes,18,septiembre,2017,,918,1009
martes,5,septiembre,2017,,881,
jueves,7,septiembre,2017,,896,
sábado,23,diciembre,2017,1148,636,568
domingo,24,diciembre,2017,620,366,308
jueves,15,septiembre,2016,2135,835,831
martes,13,septiembre,2016,2709,799,915
sábado,1,octubre,2016,1588,491,527
viernes,7,octubre,2016,2627,897,999
martes,4,octubre,2016,3122,964,1063
domingo,18,diciembre,2016,870,425,452
viernes,4,noviembre,2016,2704,909,1017
viernes,2,diciembre,2016,2592,920,108
martes,30,enero,2018,,940,990
lunes,8,enero,2018,,1054,1154
domingo,18,febrero,2018,1372,884,681
martes,27,marzo,2018,3036,945,1204
lunes,12,marzo,2018,2726,2759,1153
viernes,6,abril,2018,2668,883,102
miércoles,5,diciembre,2018,3803,794,1127
viernes,30,noviembre,2018,3608,866,1087
lunes,12,noviembre,2018,3509,895,1257
domingo,24,noviembre,2013,1126,,
miércoles,13,junio,2018,1967,589,674
sábado,23,junio,2018,1092,533,589
jueves,21,junio,2018,2868,912,1047
jueves,28,junio,2018,2702,867,1026
sábado,28,abril,2018,1511,558,642
domingo,6,mayo,2018,1217,457,541
jueves,10,mayo,2018,2745,851,121
jueves,24,mayo,2018,3338,1038,1325
lunes,7,mayo,2018,2885,1,1241
viernes,2,noviembre,2018,13,370,411
martes,6,noviembre,2018,3817,904,1283
jueves,8,noviembre,2018,3954,837,1289
viernes,5,octubre,2018,3247,973,1272
jueves,11,octubre,2018,3354,964,1196
martes,18,septiembre,2018,3156,971,1218
sábado,8,septiembre,2018,1744,664,701
viernes,3,agosto,2018,2786,809,993
martes,31,julio,2018,272,911,1173
viernes,17,agosto,2018,2637,779,
martes,14,agosto,2018,188,1006,
martes,28,agosto,2018,2483,861,
miércoles,3,julio,2019,3823,698,1224
viernes,19,julio,2019,3189,799,988
martes,9,julio,2019,3856,1042,1220
domingo,21,julio,2019,1798,483,559
viernes,26,julio,2019,2451,544,817
viernes,7,junio,2019,2858,867,984
jueves,6,junio,2019,2742,810,995
viernes,21,junio,2019,3823,1077,1202
lunes,18,noviembre,2013,1073,,
martes,3,diciembre,2013,2541,,
domingo,22,diciembre,2013,862,,
jueves,12,diciembre,2013,2069,,
martes,11,febrero,2014,2309,,
domingo,2,febrero,2014,1141,,
martes,28,enero,2014,2581,,
lunes,20,enero,2014,2382,,
viernes,12,septiembre,2014,2063,,
viernes,26,septiembre,2014,2552,,
sábado,20,septiembre,2014,161,,
lunes,15,septiembre,2014,1758,,
miércoles,25,marzo,2015,2932,,
martes,17,marzo,2015,273,,
martes,24,marzo,2015,264,,
lunes,16,marzo,2015,1305,,
lunes,30,marzo,2015,2605,,
miércoles,8,octubre,2014,238,,
martes,18,noviembre,2014,2589,,
jueves,9,octubre,2014,1849,,
miércoles,30,abril,2014,2299,,
miércoles,14,mayo,2014,2546,,
sábado,10,mayo,2014,1041,,
martes,30,diciembre,2014,1818,,
viernes,5,diciembre,2014,2493,,
jueves,8,enero,2015,2251,,
lunes,19,enero,2015,2616,,
jueves,1,enero,2015,882,,
miércoles,19,marzo,2014,2826,,
jueves,27,febrero,2014,3079,,
domingo,23,marzo,2014,149,,
lunes,3,marzo,2014,2536,,
sábado,14,febrero,2015,1378,,
domingo,1,febrero,2015,1021,,
viernes,6,febrero,2015,2729,,
jueves,12,febrero,2015,2253,,
jueves,26,febrero,2015,2865,,
martes,22,julio,2014,2412,,
martes,8,julio,2014,2401,,
lunes,14,julio,2014,1983,,
sábado,18,junio,2016,132,562,506
martes,12,julio,2016,2484,730,758
jueves,7,julio,2016,237,705,842
jueves,2,junio,2016,2254,,
miércoles,11,mayo,2016,2023,,
domingo,29,mayo,2016,1395,,
lunes,30,mayo,2016,2518,,
miércoles,12,agosto,2015,2652,,
jueves,17,septiembre,2015,1597,,
viernes,2,octubre,2015,2616,,
lunes,5,octubre,2015,2692,,
miércoles,23,diciembre,2015,1983,,
viernes,25,diciembre,2015,650,,
lunes,28,diciembre,2015,1788,,
domingo,3,enero,2016,939,,
domingo,15,noviembre,2015,842,,
martes,24,noviembre,2015,2773,,
sábado,5,diciembre,2015,1197,,
jueves,4,febrero,2016,2694,,
martes,9,febrero,2016,2179,,
lunes,1,febrero,2016,1044,,
lunes,18,enero,2016,25,,
miércoles,19,agosto,2015,2627,,
sábado,29,agosto,2015,1309,,
viernes,31,julio,2015,2533,,
viernes,7,agosto,2015,2561,,
martes,14,julio,2015,2823,,
miércoles,17,junio,2015,2163,,
martes,16,junio,2015,2708,,
martes,9,junio,2015,2902,,
lunes,22,junio,2015,2384,,
domingo,12,abril,2015,1284,,
sábado,9,mayo,2015,174,,
jueves,4,junio,2015,2495,,
lunes,25,mayo,2015,2023,,
sábado,24,septiembre,2016,1171,569,534
martes,23,agosto,2016,2404,747,860
martes,16,agosto,2016,2359,753,819
jueves,2,mayo,2019,3839,1170,1295
jueves,3,enero,2019,2978,655,796
domingo,13,enero,2019,1733,601,685
viernes,18,enero,2019,3923,554,1303
martes,26,febrero,2019,4034,1068,1427
viernes,1,marzo,2019,3885,895,1319
jueves,28,marzo,2019,4182,1013,1419
miércoles,24,abril,2019,4214,1097,1392
jueves,10,noviembre,2016,2245,626,676
jueves,3,noviembre,2016,2514,834,957
miércoles,22,noviembre,2017,3343,1166,1357
sábado,18,noviembre,2017,1704,679,612
viernes,8,diciembre,2017,3186,1067,1155
lunes,30,octubre,2017,,,1156
miércoles,7,febrero,2018,3408,12,1342
martes,12,junio,2018,2433,886,1062
martes,15,mayo,2018,3426,1244,141
martes,3,julio,2018,2693,826,108
lunes,2,julio,2018,2572,846,1001
sábado,14,abril,2018,1811,427,694
domingo,9,septiembre,2018,1597,600,735
viernes,24,agosto,2018,2478,892,
jueves,30,agosto,2018,2803,805,
domingo,17,diciembre,2017,985,457,425
sábado,3,febrero,2018,1419,643,584
domingo,28,enero,2018,,510,649
viernes,14,diciembre,2018,3518,849,1065
domingo,26,febrero,2017,1223,587,1004
domingo,30,abril,2017,1307,558,837
martes,18,abril,2017,2209,787,1007
viernes,5,mayo,2017,2692,969,1119
lunes,24,abril,2017,2871,117,924
lunes,8,mayo,2017,2637,907,1114
sábado,19,agosto,2017,,652,512
miércoles,4,octubre,2017,,,1064
jueves,19,octubre,2017,,,1161
viernes,25,agosto,2017,,945,
domingo,18,noviembre,2018,1538,519,587
domingo,2,diciembre,2018,1729,532,619
jueves,6,diciembre,2018,3651,964,1143
miércoles,14,diciembre,2016,2857,974,1125
jueves,24,noviembre,2016,2784,955,1081
jueves,29,diciembre,2016,2124,692,622
martes,22,noviembre,2016,276,869,1056
lunes,21,noviembre,2016,1192,511,525
domingo,30,septiembre,2018,1574,626,1697
jueves,27,septiembre,2018,3261,880,678
viernes,9,noviembre,2018,3857,655,1222
jueves,4,octubre,2018,288,948,1404
jueves,6,julio,2017,4899,991,1107
viernes,11,agosto,2017,,905,1006
domingo,6,agosto,2017,,620,552
lunes,7,agosto,2017,,974,104
jueves,21,noviembre,2013,2215,,
domingo,1,diciembre,2013,957,,
martes,10,diciembre,2013,264,,
lunes,23,diciembre,2013,1502,,
jueves,15,febrero,2018,3375,1229,1313
jueves,8,marzo,2018,3404,5926,1351
viernes,9,marzo,2018,2787,4004,1176
sábado,24,marzo,2018,1746,703,844
lunes,2,abril,2018,2937,996,1106
domingo,15,abril,2018,1251,661,589
domingo,29,abril,2018,1396,554,791
viernes,1,junio,2018,2968,1052,1193
domingo,8,julio,2018,1058,548,509
jueves,12,julio,2018,3015,905,1095
viernes,20,julio,2018,2659,851,970
sábado,4,agosto,2018,1327,522,516
miércoles,15,agosto,2018,2165,832,
lunes,17,septiembre,2018,2663,872,1061
domingo,23,septiembre,2018,1291,518,612
miércoles,3,octubre,2018,3482,1067,1273
viernes,12,octubre,2018,3424,1011,1231
sábado,20,octubre,2018,2085,472,642
martes,23,octubre,2018,3811,1098,1357
jueves,25,octubre,2018,3868,992,1282
miércoles,31,octubre,2018,3465,903,1225
sábado,24,noviembre,2018,1907,639,696
domingo,9,diciembre,2018,1505,358,579
lunes,10,diciembre,2018,3459,814,1159
jueves,13,diciembre,2018,3635,722,1136
viernes,13,junio,2014,2439,,
miércoles,10,septiembre,2014,2272,,
domingo,14,septiembre,2014,997,,
jueves,11,septiembre,2014,2198,,
viernes,5,septiembre,2014,2289,,
sábado,30,agosto,2014,1355,,
domingo,24,agosto,2014,1136,,
viernes,22,agosto,2014,2427,,
sábado,19,julio,2014,1392,,
sábado,26,julio,2014,1629,,
jueves,7,agosto,2014,2237,,
lunes,28,julio,2014,1638,,
lunes,4,agosto,2014,2187,,
domingo,2,marzo,2014,1145,,
viernes,2,mayo,2014,2358,,
martes,4,marzo,2014,2776,,
lunes,19,mayo,2014,2514,,
miércoles,6,abril,2016,3052,,
sábado,26,marzo,2016,1155,,
lunes,28,marzo,2016,2562,,
viernes,10,mayo,2019,3246,965,1141
martes,14,mayo,2019,3697,1058,1293
domingo,19,mayo,2019,1680,549,540
viernes,31,mayo,2019,3606,1012,1232
miércoles,26,febrero,2014,2819,,
miércoles,29,enero,2014,2579,,
domingo,23,febrero,2014,1628,,
viernes,14,febrero,2014,2683,,
viernes,7,febrero,2014,2562,,
lunes,24,febrero,2014,2629,,
sábado,1,marzo,2014,1502,,
martes,23,septiembre,2014,2288,,
lunes,13,octubre,2014,2393,,
lunes,23,mayo,2016,2364,,
martes,7,junio,2016,2706,,
jueves,9,junio,2016,2811,,
domingo,3,julio,2016,1074,474,579
lunes,11,julio,2016,2315,616,731
jueves,14,julio,2016,2739,819,851
martes,26,julio,2016,2625,821,791
viernes,19,agosto,2016,2261,722,866
martes,30,agosto,2016,2925,884,1032
jueves,1,septiembre,2016,2978,919,966
jueves,8,septiembre,2016,299,932,997
viernes,16,septiembre,2016,810,346,414
lunes,19,septiembre,2016,2807,837,927
domingo,25,septiembre,2016,1143,760,178
domingo,2,octubre,2016,1204,520,475
sábado,8,octubre,2016,1442,608,577
lunes,10,octubre,2016,2623,931,921
sábado,22,octubre,2016,1486,619,585
martes,25,octubre,2016,2998,1002,1148
sábado,29,octubre,2016,2708,819,1059
martes,1,noviembre,2016,2583,860,1016
jueves,15,diciembre,2016,225,784,1009
viernes,6,enero,2017,2435,869,939
domingo,22,enero,2017,1192,570,584
martes,28,febrero,2017,3238,1127,1323
jueves,2,marzo,2017,3201,118,1359
lunes,10,abril,2017,2593,895,894
martes,11,abril,2017,2569,931,849
jueves,13,abril,2017,1464,530,384
jueves,8,junio,2017,3016,1012,1213
jueves,15,junio,2017,3002,1069,2914
miércoles,28,junio,2017,2236,788,2776
sábado,1,julio,2017,1327,556,913
sábado,29,julio,2017,,626,504
jueves,24,agosto,2017,,104,607
martes,29,agosto,2017,,773,
miércoles,30,agosto,2017,,711,
lunes,4,septiembre,2017,,794,
sábado,23,septiembre,2017,,,648
domingo,24,septiembre,2017,,,780
domingo,15,octubre,2017,,,473
lunes,6,noviembre,2017,332,,1197
lunes,13,noviembre,2017,3289,1039,1235
martes,21,noviembre,2017,3175,1149,1326
viernes,24,noviembre,2017,322,1075,1214
jueves,30,noviembre,2017,3499,1023,1233
sábado,16,diciembre,2017,1377,634,486
sábado,26,diciembre,2015,939,,
sábado,16,enero,2016,1265,,
lunes,4,enero,2016,161,,
jueves,19,febrero,2015,2697,,
martes,3,febrero,2015,2686,,
domingo,1,marzo,2015,1199,,
lunes,26,enero,2015,2725,,
sábado,17,enero,2015,1701,,
viernes,23,enero,2015,2769,,
miércoles,9,marzo,2016,1848,,
domingo,31,enero,2016,1357,,
viernes,11,marzo,2016,2533,,
jueves,17,marzo,2016,2577,,
lunes,25,enero,2016,2594,,
domingo,16,noviembre,2014,1019,,
domingo,13,septiembre,2015,975,,
martes,15,septiembre,2015,2098,,
lunes,14,septiembre,2015,213,,
domingo,21,junio,2015,872,,
domingo,7,junio,2015,1135,,
viernes,5,junio,2015,2399,,
sábado,18,julio,2015,1237,,
sábado,8,agosto,2015,1338,,
sábado,1,agosto,2015,1249,,
lunes,13,julio,2015,2585,,
sábado,18,abril,2015,2673,,
jueves,16,abril,2015,298,,
martes,3,marzo,2015,3034,,
sábado,19,enero,2019,2194,678,718
jueves,24,enero,2019,4077,658,1223
miércoles,30,enero,2019,0,716,1410
viernes,8,febrero,2019,3904,1003,1318
sábado,9,febrero,2019,2369,472,706
jueves,21,febrero,2019,3870,680,1432
lunes,25,marzo,2019,3687,780,1362
viernes,29,marzo,2019,4045,703,1303
miércoles,10,abril,2019,4220,1170,1502
sábado,6,julio,2019,1964,464,644
jueves,25,julio,2019,2226,626,883
lunes,22,julio,2019,3541,813,1108
domingo,28,julio,2019,2099,465,597
viernes,22,noviembre,2013,205,,
miércoles,14,septiembre,2016,2875,917,1011
sábado,17,septiembre,2016,1244,430,403
miércoles,28,septiembre,2016,2028,552,631
jueves,6,octubre,2016,3013,917,1092
miércoles,26,octubre,2016,3014,1002,111
lunes,31,octubre,2016,2437,826,940
sábado,19,noviembre,2016,1132,449,434
lunes,12,diciembre,2016,2336,787,919
miércoles,28,diciembre,2016,2116,665,667
domingo,1,enero,2017,636,273,435
jueves,5,enero,2017,2819,895,906
miércoles,22,febrero,2017,3273,1155,1335
domingo,26,marzo,2017,1129,548,775
domingo,7,mayo,2017,115,560,624
sábado,27,mayo,2017,156,688,663
domingo,28,mayo,2017,1485,556,950
viernes,2,junio,2017,2992,1051,1177
jueves,22,junio,2017,3366,1134,1469
domingo,25,junio,2017,1286,590,1001
lunes,26,junio,2017,2335,883,1129
domingo,16,julio,2017,3013,600,679
martes,18,julio,2017,17327,914,1111
sábado,16,septiembre,2017,,386,426
miércoles,20,septiembre,2017,,,121
sábado,30,septiembre,2017,,,319
domingo,8,octubre,2017,,,480
miércoles,11,octubre,2017,,,1134
lunes,16,octubre,2017,,,1119
jueves,26,octubre,2017,,,127
miércoles,1,noviembre,2017,3272,,1133
jueves,16,noviembre,2017,3643,1166,1397
domingo,10,diciembre,2017,991,526,478
lunes,1,enero,2018,,184,215
viernes,12,enero,2018,,1097,1218
lunes,22,enero,2018,,1013,1158
viernes,2,febrero,2018,2956,1042,116
viernes,16,febrero,2018,3245,2015,1195
lunes,19,febrero,2018,3286,1534,1277
jueves,1,marzo,2018,3315,1261,1331
lunes,19,marzo,2018,152,549,552
martes,5,junio,2018,3324,1192,1304
jueves,7,junio,2018,3311,1142,136
sábado,16,junio,2018,1276,536,571
domingo,1,julio,2018,1249,536,577
jueves,5,julio,2018,3162,973,1163
domingo,15,julio,2018,113,488,570
sábado,21,julio,2018,1732,646,621
sábado,11,agosto,2018,,607,
domingo,12,agosto,2018,,496,
martes,4,septiembre,2018,3336,979,
martes,11,septiembre,2018,2747,970,1289
sábado,22,septiembre,2018,1714,658,766
martes,2,octubre,2018,3614,1079,1387
domingo,7,octubre,2018,1565,601,614
lunes,8,octubre,2018,3252,944,1276
domingo,14,octubre,2018,1816,638,685
lunes,22,octubre,2018,3472,914,1295
sábado,3,noviembre,2018,2754,417,781
lunes,5,noviembre,2018,3323,673,1181
viernes,16,noviembre,2018,3658,907,1212
sábado,1,diciembre,2018,1926,557,616
miércoles,9,julio,2014,2192,,
martes,15,julio,2014,2152,,
lunes,21,julio,2014,2346,,
viernes,25,julio,2014,2261,,
martes,29,julio,2014,2242,,
martes,5,agosto,2014,2651,,
lunes,11,agosto,2014,2091,,
viernes,15,agosto,2014,2204,,
martes,26,agosto,2014,2684,,
sábado,4,octubre,2014,1147,,
domingo,5,octubre,2014,106,,
martes,21,octubre,2014,2473,,
martes,28,octubre,2014,2746,,
domingo,30,noviembre,2014,1374,,
lunes,22,diciembre,2014,1879,,
lunes,5,enero,2015,1803,,
martes,6,enero,2015,1879,,
lunes,12,enero,2015,2582,,
jueves,5,febrero,2015,2799,,
viernes,13,febrero,2015,2292,,
viernes,27,febrero,2015,2857,,
martes,31,marzo,2015,2677,,
domingo,5,abril,2015,1267,,
jueves,9,abril,2015,2953,,
sábado,16,mayo,2015,1343,,
sábado,6,junio,2015,1061,,
miércoles,10,junio,2015,2905,,
jueves,11,junio,2015,2862,,
viernes,19,junio,2015,2589,,
jueves,25,junio,2015,2833,,
domingo,20,septiembre,2015,1276,,
jueves,8,octubre,2015,2914,,
sábado,10,octubre,2015,1386,,
lunes,26,octubre,2015,2551,,
sábado,7,noviembre,2015,1501,,
jueves,26,noviembre,2015,327,,
domingo,6,diciembre,2015,800,,
domingo,6,marzo,2016,1055,,
sábado,19,marzo,2016,1331,,
miércoles,23,marzo,2016,2235,,
domingo,24,abril,2016,1581,,
domingo,8,mayo,2016,879,,
sábado,21,mayo,2016,1379,,
jueves,16,junio,2016,283,855,901
martes,19,julio,2016,2878,803,837
sábado,14,diciembre,2013,1266,,
domingo,15,diciembre,2013,914,,
lunes,16,diciembre,2013,2215,,
viernes,10,enero,2014,2349,,
lunes,3,febrero,2014,1236,,
martes,7,enero,2014,2062,,
jueves,9,enero,2014,2203,,
sábado,8,marzo,2014,1838,,
martes,11,marzo,2014,274,,
jueves,13,marzo,2014,285,,
domingo,25,mayo,2014,1347,,
lunes,30,junio,2014,1515,,
miércoles,23,abril,2014,2428,,
miércoles,21,mayo,2014,2693,,
sábado,29,marzo,2014,1298,,
lunes,21,abril,2014,2097,,
sábado,4,mayo,2019,2139,616,659
sábado,18,mayo,2019,1963,641,632
viernes,24,mayo,2019,3713,1061,1211
lunes,7,enero,2019,3521,770,1202
lunes,21,enero,2019,3808,982,1238
lunes,4,febrero,2019,1946,430,638
lunes,11,febrero,2019,3818,629,1435
martes,5,marzo,2019,3229,806,1318
martes,12,marzo,2019,4029,941,1392
domingo,21,abril,2019,1680,527,559
domingo,30,junio,2019,1758,457,639
sábado,29,junio,2019,1601,565,661
martes,16,julio,2019,3631,825,1139
jueves,1,agosto,2019,3717,945,1239
lunes,5,agosto,2019,2723,706,977
martes,6,agosto,2019,3155,950,1200
domingo,11,agosto,2019,1515,540,497
domingo,18,agosto,2019,1700,547,562
lunes,19,agosto,2019,3315,844,1157
miércoles,21,agosto,2019,3759,922,1277
lunes,26,agosto,2019,3438,994,1142
martes,27,agosto,2019,3674,975,1255
viernes,30,agosto,2019,3685,966,1155
lunes,2,septiembre,2019,3655,898,1216
miércoles,4,septiembre,2019,3881,973,1351
sábado,7,septiembre,2019,2005,613,688
domingo,8,septiembre,2019,1816,598,605
martes,10,septiembre,2019,3033,826,1106
miércoles,11,septiembre,2019,3360,851,1157
viernes,13,septiembre,2019,3342,881,1097
martes,17,septiembre,2019,3000,901,1084
jueves,19,septiembre,2019,2870,763,987
domingo,22,septiembre,2019,1784,614,662
lunes,23,septiembre,2019,3630,923,1203
miércoles,25,septiembre,2019,2584,843,1112
viernes,27,septiembre,2019,3740,1034,1211
sábado,28,septiembre,2019,1990,582,619
viernes,15,junio,2018,2062,623,649
viernes,13,julio,2018,2332,802,973
viernes,6,julio,2018,2835,871,108
jueves,14,junio,2018,1465,574,593
domingo,2,septiembre,2018,1573,504,
jueves,1,noviembre,2018,2677,613,875
sábado,6,octubre,2018,1743,678,796
domingo,26,mayo,2019,1848,611,678
lunes,27,mayo,2019,3745,1067,1303
miércoles,9,abril,2014,2698,,
martes,29,abril,2014,244,,
lunes,31,marzo,2014,2519,,
viernes,18,julio,2014,1963,,
sábado,2,agosto,2014,1503,,
miércoles,22,octubre,2014,2385,,
martes,9,septiembre,2014,2174,,
lunes,8,septiembre,2014,1967,,
jueves,23,octubre,2014,2729,,
jueves,2,octubre,2014,2434,,
miércoles,12,noviembre,2014,2679,,
sábado,1,noviembre,2014,1529,,
martes,2,diciembre,2014,2652,,
viernes,27,marzo,2015,2541,,
martes,10,marzo,2015,2827,,
jueves,29,enero,2015,2856,,
miércoles,3,diciembre,2014,2664,,
lunes,29,diciembre,2014,1829,,
domingo,11,enero,2015,1338,,
viernes,2,enero,2015,1473,,
viernes,5,agosto,2016,2443,747,778
viernes,29,julio,2016,1418,766,816
miércoles,20,julio,2016,2809,837,863
viernes,22,julio,2016,2216,653,703
viernes,29,abril,2016,2763,,
jueves,18,agosto,2016,2848,827,921
miércoles,9,enero,2019,3730,964,1415
viernes,11,enero,2019,3846,964,1451
domingo,20,enero,2019,1949,376,615
martes,1,enero,2019,1406,242,290
lunes,13,enero,2014,2255,,
miércoles,19,febrero,2014,3107,,
sábado,8,febrero,2014,1492,,
martes,18,febrero,2014,2713,,
martes,25,febrero,2014,2809,,
lunes,10,febrero,2014,265,,
miércoles,25,enero,2017,3198,1096,1279
miércoles,18,enero,2017,2976,1072,1182
domingo,5,febrero,2017,1199,531,609
martes,7,febrero,2017,3114,1093,1233
sábado,11,marzo,2017,1557,636,667
miércoles,14,febrero,2018,3519,1306,1383
miércoles,21,marzo,2018,3023,1109,131
martes,27,febrero,2018,3299,1275,1389
sábado,17,marzo,2018,1627,689,622
martes,6,marzo,2018,3312,3102,1457
viernes,30,septiembre,2016,2538,791,815
domingo,6,noviembre,2016,1103,597,474
sábado,25,noviembre,2017,1434,675,656
lunes,20,noviembre,2017,1781,563,555
viernes,15,diciembre,2017,2749,993,1014
lunes,12,febrero,2018,3276,1607,1202
jueves,11,enero,2018,,1134,1227
domingo,27,noviembre,2016,1009,494,563
sábado,26,noviembre,2016,1302,616,568
domingo,11,diciembre,2016,963,408,393
viernes,9,diciembre,2016,2622,884,1002
lunes,28,noviembre,2016,2659,887,1076
martes,17,abril,2018,337,1141,1461
domingo,8,abril,2018,1387,561,609
martes,3,abril,2018,299,1103,1206
jueves,4,mayo,2017,2703,944,116
martes,9,mayo,2017,3073,1177,1327
lunes,1,mayo,2017,1228,563,573
sábado,24,junio,2017,1161,664,692
domingo,18,junio,2017,968,607,618
domingo,21,mayo,2017,136,561,783
viernes,9,junio,2017,2965,1119,2132
lunes,29,mayo,2017,2778,992,1228
martes,11,julio,2017,10391,819,839
lunes,17,julio,2017,1061,926,1077
viernes,4,agosto,2017,,897,985
domingo,12,noviembre,2017,1304,576,600
viernes,3,noviembre,2017,2949,,109
jueves,2,noviembre,2017,2331,,869
domingo,29,octubre,2017,,,1287
martes,3,octubre,2017,,,11
sábado,31,marzo,2018,136,490,439
viernes,30,marzo,2018,1341,376,504
jueves,22,marzo,2018,3224,938,1346
domingo,20,mayo,2018,1181,553,620
viernes,11,mayo,2018,3123,108,1322
lunes,21,mayo,2018,2804,903,1115
miércoles,6,mayo,2015,2463,,
domingo,26,abril,2015,1445,,
domingo,31,mayo,2015,1143,,
sábado,31,octubre,2015,2239,,
lunes,7,diciembre,2015,253,,
domingo,24,enero,2016,1024,,
viernes,1,enero,2016,708,,
sábado,2,enero,2016,988,,
miércoles,13,abril,2016,3096,,
miércoles,20,abril,2016,2029,,
viernes,25,marzo,2016,1376,,
jueves,7,abril,2016,3014,,
jueves,3,septiembre,2015,1613,,
martes,6,octubre,2015,2969,,
domingo,26,julio,2015,1449,,
viernes,3,julio,2015,2294,,
jueves,6,agosto,2015,276,,
martes,28,julio,2015,2776,,
miércoles,17,febrero,2016,2588,,
domingo,28,febrero,2016,1701,,
viernes,26,febrero,2016,3048,,
martes,8,marzo,2016,2406,,
miércoles,25,junio,2014,1485,,
martes,10,junio,2014,2337,,
martes,17,junio,2014,1933,,
sábado,5,julio,2014,1109,,
sábado,17,mayo,2014,1679,,
sábado,3,mayo,2014,1333,,
viernes,9,mayo,2014,2511,,
jueves,15,mayo,2014,2743,,
jueves,8,mayo,2014,2192,,
martes,7,mayo,2019,4040,1158,1455
miércoles,6,febrero,2019,4102,1050,1419
viernes,15,febrero,2019,3818,753,1304
viernes,22,febrero,2019,3830,930,1422
jueves,14,febrero,2019,4149,1048,1461
viernes,25,enero,2019,4170,887,1361
miércoles,13,marzo,2019,4051,1018,1499
miércoles,3,abril,2019,4192,1094,1457
viernes,5,abril,2019,4077,1107,1346
domingo,16,junio,2019,1634,263,551
jueves,20,junio,2019,3690,898,1287
domingo,23,junio,2019,1494,598,578
viernes,17,mayo,2019,3141,830,919
domingo,12,mayo,2019,2055,575,642
lunes,20,mayo,2019,3642,1078,1288
jueves,10,enero,2019,3835,719,1422
sábado,26,enero,2019,2340,432,740
miércoles,13,febrero,2019,3187,685,1247
miércoles,20,febrero,2019,4030,920,1429
domingo,24,febrero,2019,1785,579,673
sábado,16,marzo,2019,2120,573,704
domingo,24,marzo,2019,1997,592,592
sábado,30,marzo,2019,2349,654,921
domingo,19,enero,2014,1107,,
martes,21,enero,2014,2503,,
jueves,2,enero,2014,138,,
sábado,22,febrero,2014,1571,,
sábado,1,febrero,2014,1369,,
jueves,13,febrero,2014,2696,,
viernes,31,enero,2014,2653,,
domingo,30,marzo,2014,990,,
viernes,21,marzo,2014,2924,,
martes,18,marzo,2014,2873,,
viernes,4,abril,2014,2716,,
jueves,3,abril,2014,3043,,
jueves,10,abril,2014,2773,,
martes,16,septiembre,2014,988,,
miércoles,6,agosto,2014,256,,
miércoles,2,julio,2014,2098,,
viernes,1,agosto,2014,2375,,
jueves,14,agosto,2014,2166,,
viernes,4,julio,2014,1835,,
miércoles,17,diciembre,2014,2521,,
jueves,6,noviembre,2014,2865,,
martes,6,mayo,2014,2637,,
viernes,31,octubre,2014,2745,,
viernes,3,octubre,2014,204,,
sábado,28,marzo,2015,1168,,
viernes,20,marzo,2015,2805,,
sábado,28,febrero,2015,1515,,
jueves,5,marzo,2015,2888,,
miércoles,15,abril,2015,2998,,
miércoles,8,abril,2015,2995,,
jueves,30,abril,2015,2568,,
domingo,10,mayo,2015,984,,
martes,26,mayo,2015,2825,,
lunes,18,mayo,2015,2609,,
miércoles,16,septiembre,2015,738,,
viernes,18,septiembre,2015,2064,,
domingo,27,septiembre,2015,1078,,
viernes,4,septiembre,2015,2134,,
martes,1,septiembre,2015,2487,,
lunes,10,agosto,2015,263,,
viernes,20,noviembre,2015,2735,,
domingo,8,noviembre,2015,896,,
sábado,11,julio,2015,14,,
domingo,14,junio,2015,989,,
jueves,28,mayo,2015,2112,,
lunes,15,junio,2015,2401,,
domingo,11,octubre,2015,1264,,
martes,13,octubre,2015,2891,,
lunes,12,octubre,2015,2751,,
domingo,24,julio,2016,934,436,450
domingo,19,junio,2016,846,471,394
miércoles,25,mayo,2016,2788,,
sábado,28,mayo,2016,1494,,
domingo,5,junio,2016,941,,
viernes,11,diciembre,2015,2571,,
domingo,27,diciembre,2015,1037,,
martes,22,diciembre,2015,2294,,
lunes,21,diciembre,2015,2207,,
viernes,15,enero,2016,2489,,
miércoles,27,abril,2016,3024,,
domingo,17,abril,2016,1116,,
sábado,16,abril,2016,2285,,
miércoles,30,marzo,2016,2774,,
domingo,27,marzo,2016,1293,,
domingo,20,marzo,2016,947,,
sábado,9,abril,2016,1258,,
viernes,1,abril,2016,2723,,
domingo,14,febrero,2016,1731,,
viernes,22,enero,2016,2565,,
miércoles,17,agosto,2016,2739,736,824
domingo,19,febrero,2017,111,512,552
miércoles,4,enero,2017,249,937,954
jueves,23,febrero,2017,3268,1166,1319
viernes,27,enero,2017,3025,1051,1206
sábado,21,enero,2017,1456,691,627
miércoles,3,mayo,2017,3084,1151,1364
domingo,2,julio,2017,971,579,2794
domingo,9,julio,2017,924,493,595
miércoles,8,noviembre,2017,3558,854,1327
viernes,17,noviembre,2017,3539,1107,1294
jueves,23,noviembre,2017,3378,1118,1273
domingo,2,abril,2017,1266,596,546
miércoles,12,julio,2017,7191,886,910
miércoles,26,julio,2017,,849,990
martes,25,julio,2017,,773,917
viernes,29,septiembre,2017,,,883
lunes,25,septiembre,2017,,,971
viernes,6,octubre,2017,,,1063
lunes,9,octubre,2017,,,11
sábado,3,septiembre,2016,1261,743,603
domingo,4,septiembre,2016,1142,370,428
viernes,9,febrero,2018,2666,916,1063
lunes,5,febrero,2018,1281,569,595
miércoles,24,enero,2018,,923,1006
miércoles,21,febrero,2018,3321,3611,1368
sábado,24,febrero,2018,1652,4752,884
domingo,18,marzo,2018,1254,640,632
viernes,16,marzo,2018,3062,988,1246
miércoles,11,abril,2018,2957,1042,1215
domingo,22,abril,2018,1285,598,620
martes,24,abril,2018,3175,922,1297
jueves,22,noviembre,2018,3954,1007,1267
martes,19,noviembre,2013,1344,,
viernes,6,diciembre,2013,2481,,
miércoles,20,junio,2018,2981,1006,1191
domingo,27,mayo,2018,1512,590,718
miércoles,23,mayo,2018,3162,960,1336
lunes,14,mayo,2018,3216,886,1292
miércoles,10,octubre,2018,2614,775,1332
domingo,4,noviembre,2018,1281,400,506
martes,30,octubre,2018,3446,917,1222
sábado,15,septiembre,2018,1495,539,587
viernes,21,septiembre,2018,3377,1017,1291
viernes,28,septiembre,2018,3203,977,124
domingo,16,septiembre,2018,115,372,598
martes,25,septiembre,2018,314,767,1295
lunes,24,septiembre,2018,313,1055,1228
jueves,6,septiembre,2018,3031,892,797
sábado,1,septiembre,2018,1821,656,
miércoles,29,agosto,2018,297,859,
miércoles,31,julio,2019,3549,955,1216
lunes,3,junio,2019,3733,1046,1327
miércoles,26,junio,2019,3747,796,1158
sábado,16,noviembre,2013,613,,
sábado,30,noviembre,2013,127,,
lunes,1,septiembre,2014,1809,,
martes,19,agosto,2014,221,,
lunes,25,agosto,2014,2371,,
jueves,19,marzo,2015,2825,,
miércoles,15,octubre,2014,2594,,
domingo,23,noviembre,2014,1184,,
lunes,10,noviembre,2014,2593,,
viernes,24,octubre,2014,2452,,
miércoles,11,junio,2014,2277,,
viernes,25,abril,2014,2661,,
domingo,8,junio,2014,852,,
lunes,9,junio,2014,2295,,
lunes,2,junio,2014,2425,,
sábado,13,diciembre,2014,1191,,
jueves,11,diciembre,2014,2437,,
domingo,25,enero,2015,1477,,
domingo,6,abril,2014,123,,
jueves,17,abril,2014,1486,,
domingo,22,febrero,2015,1377,,
lunes,9,febrero,2015,2061,,
sábado,21,junio,2014,1082,,
viernes,27,junio,2014,2383,,
jueves,31,julio,2014,2729,,
miércoles,22,junio,2016,2739,865,918
sábado,5,marzo,2016,2947,,
sábado,19,septiembre,2015,1496,,
miércoles,14,octubre,2015,2695,,
domingo,4,octubre,2015,1157,,
jueves,15,octubre,2015,2885,,
lunes,19,octubre,2015,2542,,
sábado,12,diciembre,2015,123,,
domingo,20,diciembre,2015,875,,
viernes,8,enero,2016,2417,,
martes,10,noviembre,2015,2972,,
martes,3,noviembre,2015,2626,,
lunes,16,noviembre,2015,1125,,
sábado,24,octubre,2015,1509,,
miércoles,25,noviembre,2015,2783,,
miércoles,2,diciembre,2015,2777,,
sábado,28,noviembre,2015,1419,,
lunes,30,noviembre,2015,2706,,
miércoles,27,enero,2016,2907,,
sábado,6,febrero,2016,1365,,
sábado,15,agosto,2015,1316,,
lunes,27,julio,2015,2396,,
miércoles,24,junio,2015,279,,
domingo,5,julio,2015,116,,
jueves,9,julio,2015,2402,,
lunes,6,julio,2015,2246,,
viernes,1,mayo,2015,1304,,
viernes,8,mayo,2015,2474,,
lunes,8,junio,2015,2762,,
viernes,23,septiembre,2016,2374,813,821
miércoles,15,mayo,2019,3382,944,1169
miércoles,29,mayo,2019,4154,1040,1434
miércoles,8,mayo,2019,4125,1109,1481
martes,21,mayo,2019,3729,1083,1379
domingo,6,enero,2019,1553,328,526
martes,8,enero,2019,3648,618,1245
lunes,14,enero,2019,3600,581,1293
miércoles,6,marzo,2019,3917,992,1427
martes,26,marzo,2019,4372,1011,1422
viernes,26,abril,2019,3647,1027,1250
jueves,17,noviembre,2016,2681,839,1017
viernes,14,octubre,2016,2786,960,976
domingo,23,octubre,2016,114,507,478
lunes,17,octubre,2016,268,922,952
miércoles,29,noviembre,2017,3473,1089,1237
jueves,14,diciembre,2017,3004,951,1065
martes,14,noviembre,2017,3455,1144,1361
viernes,1,diciembre,2017,3165,1041,111
jueves,9,noviembre,2017,346,1109,1229
lunes,4,diciembre,2017,3164,1094,1192
miércoles,14,marzo,2018,2789,936,1259
domingo,11,febrero,2018,1373,778,656
domingo,4,febrero,2018,1251,553,602
sábado,10,marzo,2018,1828,4874,676
martes,6,febrero,2018,3213,1125,1273
sábado,3,marzo,2018,1628,108,650
miércoles,16,mayo,2018,3352,963,1361
lunes,16,julio,2018,2708,863,998
jueves,15,marzo,2018,2978,891,1219
jueves,29,marzo,2018,1834,559,700
domingo,13,mayo,2018,1294,588,604
sábado,5,mayo,2018,1673,546,574
domingo,29,julio,2018,1878,562,719
lunes,3,septiembre,2018,3009,952,
martes,21,agosto,2018,2931,874,
lunes,27,agosto,2018,2425,773,
jueves,9,agosto,2018,,928,
jueves,1,febrero,2018,280,1088,12
sábado,30,diciembre,2017,,489,407
miércoles,10,enero,2018,,1105,1171
viernes,5,enero,2018,,982,933
miércoles,11,enero,2017,2949,993,1159
miércoles,8,marzo,2017,309,1141,1297
jueves,16,febrero,2017,3171,1111,1278
sábado,4,marzo,2017,1468,670,629
jueves,23,marzo,2017,3235,1073,13
lunes,9,enero,2017,276,948,1028
miércoles,12,abril,2017,2537,838,688
miércoles,5,abril,2017,3192,1107,1251
sábado,29,abril,2017,1567,703,624
viernes,30,junio,2017,2564,928,164
domingo,14,mayo,2017,1226,600,678
domingo,4,junio,2017,1183,588,634
martes,16,mayo,2017,3159,1133,1411
miércoles,18,octubre,2017,,,1176
viernes,13,octubre,2017,,,1119
viernes,23,noviembre,2018,3915,933,1232
sábado,7,enero,2017,1269,672,530
domingo,21,octubre,2018,1523,514,621
sábado,13,octubre,2018,2045,645,712
viernes,14,julio,2017,7291,1007,1041
jueves,10,agosto,2017,,551,595
viernes,28,julio,2017,,932,971
domingo,14,julio,2019,1680,450,532
domingo,2,junio,2019,1734,636,521
sábado,21,diciembre,2013,1121,,
lunes,25,noviembre,2013,2165,,
sábado,13,enero,2018,,649,612
domingo,14,enero,2018,,594,617
jueves,18,enero,2018,,1082,1143
martes,23,enero,2018,,118,1282
miércoles,28,marzo,2018,2926,863,1106
sábado,7,abril,2018,1682,722,692
jueves,17,mayo,2018,3333,11,1374
sábado,26,mayo,2018,1626,693,701
lunes,28,mayo,2018,3145,1038,1298
miércoles,30,mayo,2018,3398,1203,1306
sábado,2,junio,2018,1514,681,644
lunes,9,julio,2018,2402,839,1032
domingo,22,julio,2018,1428,588,644
viernes,19,octubre,2018,2753,927,1282
miércoles,24,octubre,2018,3853,1037,144
domingo,28,octubre,2018,1794,648,1289
sábado,10,noviembre,2018,2133,577,717
domingo,25,noviembre,2018,178,476,656
domingo,16,diciembre,2018,1473,532,549
miércoles,16,julio,2014,1974,,
miércoles,4,junio,2014,2407,,
domingo,22,junio,2014,1107,,
sábado,14,junio,2014,166,,
jueves,3,julio,2014,2331,,
viernes,19,septiembre,2014,2149,,
lunes,22,septiembre,2014,1879,,
jueves,4,septiembre,2014,1849,,
jueves,17,julio,2014,181,,
viernes,28,marzo,2014,278,,
domingo,11,mayo,2014,135,,
lunes,28,abril,2014,2524,,
viernes,18,marzo,2016,2653,,
jueves,16,mayo,2019,2840,837,951
jueves,23,mayo,2019,3855,883,1298
jueves,30,mayo,2019,4048,1049,1363
jueves,20,febrero,2014,2789,,
sábado,18,enero,2014,1483,,
viernes,24,enero,2014,2446,,
viernes,14,noviembre,2014,2147,,
domingo,2,noviembre,2014,1005,,
martes,7,octubre,2014,2691,,
viernes,22,abril,2016,2148,,
sábado,30,abril,2016,1396,,
miércoles,18,mayo,2016,2807,,
viernes,20,mayo,2016,2653,,
martes,24,mayo,2016,2554,,
lunes,6,junio,2016,2684,,
miércoles,8,junio,2016,2769,,
domingo,12,junio,2016,945,,
miércoles,15,junio,2016,2909,864,993
martes,21,junio,2016,2671,791,884
viernes,24,junio,2016,2716,762,853
sábado,25,junio,2016,1087,479,438
lunes,27,junio,2016,2315,729,737
miércoles,6,julio,2016,2805,747,803
viernes,8,julio,2016,268,779,790
viernes,15,julio,2016,2699,844,824
sábado,16,julio,2016,1223,533,437
jueves,28,julio,2016,2577,753,833
domingo,31,julio,2016,1479,467,1396
jueves,4,agosto,2016,2853,813,867
miércoles,10,agosto,2016,2804,795,914
sábado,20,agosto,2016,1192,524,430
sábado,27,agosto,2016,1292,504,505
lunes,5,septiembre,2016,2543,673,808
jueves,22,septiembre,2016,3505,1118,1216
martes,27,septiembre,2016,2691,770,924
domingo,30,octubre,2016,1057,647,1214
miércoles,16,noviembre,2016,1988,585,655
domingo,20,noviembre,2016,921,392,473
miércoles,23,noviembre,2016,2764,1005,1128
lunes,19,diciembre,2016,2538,801,864
lunes,16,enero,2017,2948,1023,1077
jueves,26,enero,2017,3178,1077,125
sábado,28,enero,2017,1604,648,676
jueves,9,febrero,2017,3187,1089,1273
sábado,11,febrero,2017,1599,818,841
martes,14,febrero,2017,3191,1137,1304
viernes,24,febrero,2017,309,1113,1218
martes,7,marzo,2017,3248,1103,1382
jueves,9,marzo,2017,289,972,1298
jueves,16,marzo,2017,2617,903,1138
sábado,18,marzo,2017,1432,604,592
jueves,27,abril,2017,3281,1117,928
miércoles,10,mayo,2017,2681,928,111
martes,6,junio,2017,2869,989,1267
domingo,11,junio,2017,1193,624,774
martes,13,junio,2017,2779,987,1298
sábado,17,junio,2017,1538,749,714
viernes,23,junio,2017,3111,1128,1317
martes,1,agosto,2017,,1019,1103
miércoles,2,agosto,2017,,1049,1125
martes,22,agosto,2017,,1111,1054
viernes,22,septiembre,2017,,,978
sábado,7,octubre,2017,,,574
martes,10,octubre,2017,,,1262
sábado,14,octubre,2017,,,607
viernes,10,noviembre,2017,3449,1132,1287
lunes,18,diciembre,2017,2868,922,101
domingo,25,octubre,2015,1192,,
miércoles,18,febrero,2015,2767,,
miércoles,25,febrero,2015,2922,,
martes,17,febrero,2015,2674,,
sábado,31,enero,2015,1383,,
jueves,25,diciembre,2014,649,,
domingo,18,enero,2015,129,,
sábado,24,enero,2015,147,,
domingo,21,febrero,2016,1083,,
miércoles,10,diciembre,2014,242,,
jueves,27,noviembre,2014,2475,,
martes,9,diciembre,2014,2569,,
sábado,5,septiembre,2015,1331,,
lunes,21,septiembre,2015,2591,,
lunes,7,septiembre,2015,2619,,
sábado,3,octubre,2015,14,,
martes,20,octubre,2015,2909,,
sábado,20,junio,2015,1323,,
sábado,30,mayo,2015,1024,,
martes,7,julio,2015,2681,,
miércoles,20,mayo,2015,2598,,
sábado,25,abril,2015,16,,
martes,28,abril,2015,3031,,
martes,19,mayo,2015,2559,,
martes,12,mayo,2015,161,,
martes,5,mayo,2015,2171,,
martes,11,agosto,2015,2478,,
jueves,20,agosto,2015,2641,,
martes,21,julio,2015,2592,,
martes,14,abril,2015,2915,,
lunes,13,abril,2015,2858,,
martes,7,abril,2015,2915,,
miércoles,16,enero,2019,3981,636,1422
jueves,17,enero,2019,3973,824,1309
jueves,28,febrero,2019,4114,1041,1413
sábado,2,marzo,2019,2229,644,684
martes,19,marzo,2019,3773,1026,1343
lunes,8,abril,2019,3574,918,1252
sábado,27,abril,2019,2046,626,684
miércoles,17,julio,2019,3809,840,1231
sábado,13,julio,2019,1797,474,496
viernes,12,julio,2019,3192,588,952
martes,30,julio,2019,3658,988,1230
miércoles,20,noviembre,2013,2394,,
sábado,13,agosto,2016,1423,535,519
domingo,21,agosto,2016,976,442,389
lunes,26,septiembre,2016,2842,785,852
martes,18,octubre,2016,2919,1003,1121
miércoles,2,noviembre,2016,1616,619,696
lunes,14,noviembre,2016,2697,801,961
martes,15,noviembre,2016,2751,874,104
miércoles,30,noviembre,2016,2973,951,1155
martes,6,diciembre,2016,2916,952,1196
martes,3,enero,2017,2441,849,896
martes,10,enero,2017,3266,950,116
martes,24,enero,2017,3146,1131,1318
lunes,30,enero,2017,29,107,1192
jueves,2,febrero,2017,3105,1093,1161
viernes,17,febrero,2017,3031,1081,1159
sábado,18,febrero,2017,1545,699,669
martes,21,febrero,2017,3283,1151,1306
lunes,27,febrero,2017,2954,1047,1233
viernes,17,marzo,2017,2978,941,1109
viernes,31,marzo,2017,3094,1076,111
lunes,3,abril,2017,291,1033,880
viernes,14,abril,2017,1465,360,335
martes,25,abril,2017,3247,1143,1113
martes,2,mayo,2017,2896,1058,1269
miércoles,17,mayo,2017,3243,1178,1365
viernes,19,mayo,2017,3112,1107,1242
miércoles,21,junio,2017,3115,115,1402
sábado,12,agosto,2017,,672,564
miércoles,16,agosto,2017,,1028,1027
viernes,18,agosto,2017,,873,877
sábado,2,septiembre,2017,,596,
viernes,8,septiembre,2017,,887,
jueves,14,septiembre,2017,,1004,1159
viernes,15,septiembre,2017,,915,931
lunes,2,octubre,2017,,,1002
jueves,5,octubre,2017,,,1209
sábado,21,octubre,2017,,,620
viernes,27,octubre,2017,,,117
sábado,9,diciembre,2017,1453,603,581
miércoles,3,enero,2018,,889,864
viernes,2,marzo,2018,3353,1393,1202
martes,13,marzo,2018,3266,1711,1368
miércoles,4,abril,2018,2712,954,1149
sábado,21,abril,2018,2426,948,965
jueves,3,mayo,2018,3179,1028,1335
domingo,3,junio,2018,1319,550,587
viernes,8,junio,2018,2933,1044,1212
domingo,17,junio,2018,1248,417,459
lunes,25,junio,2018,269,924,1053
miércoles,27,junio,2018,3039,937,1138
miércoles,4,julio,2018,3108,977,1058
martes,17,julio,2018,2871,891,1094
sábado,28,julio,2018,1567,544,536
lunes,30,julio,2018,2976,936,1105
sábado,18,agosto,2018,159,612,
miércoles,5,septiembre,2018,3288,104,
miércoles,12,septiembre,2018,2775,843,1201
miércoles,26,septiembre,2018,3018,955,1339
martes,9,octubre,2018,3355,989,1367
jueves,15,noviembre,2018,3417,765,1095
miércoles,21,noviembre,2018,3963,803,1305
martes,27,noviembre,2018,3808,822,1311
sábado,15,diciembre,2018,1897,386,655
martes,1,julio,2014,2702,,
jueves,10,julio,2014,2219,,
domingo,20,julio,2014,1249,,
jueves,24,julio,2014,2339,,
sábado,23,agosto,2014,1221,,
domingo,12,octubre,2014,1016,,
lunes,3,noviembre,2014,2466,,
miércoles,5,noviembre,2014,2463,,
lunes,17,noviembre,2014,12,,
sábado,6,diciembre,2014,1324,,
lunes,8,diciembre,2014,2329,,
domingo,4,enero,2015,1221,,
miércoles,7,enero,2015,2321,,
sábado,10,enero,2015,1479,,
martes,10,febrero,2015,2243,,
sábado,21,febrero,2015,1584,,
martes,24,febrero,2015,2959,,
miércoles,11,marzo,2015,221,,
viernes,13,marzo,2015,2581,,
sábado,14,marzo,2015,1131,,
lunes,27,abril,2015,2859,,
domingo,3,mayo,2015,1146,,
miércoles,27,mayo,2015,2342,,
martes,30,junio,2015,1947,,
miércoles,8,julio,2015,2651,,
domingo,12,julio,2015,1143,,
jueves,13,agosto,2015,2303,,
domingo,16,agosto,2015,1278,,
martes,18,agosto,2015,2528,,
martes,8,septiembre,2015,2674,,
viernes,11,septiembre,2015,2758,,
sábado,12,septiembre,2015,133,,
martes,22,septiembre,2015,308,,
lunes,23,noviembre,2015,2669,,
jueves,10,diciembre,2015,2728,,
domingo,13,diciembre,2015,845,,
miércoles,16,diciembre,2015,2762,,
martes,29,diciembre,2015,2164,,
miércoles,3,febrero,2016,2692,,
martes,22,marzo,2016,2368,,
viernes,8,abril,2016,2841,,
domingo,10,abril,2016,1161,,
lunes,18,abril,2016,2433,,
domingo,1,mayo,2016,2391,,
viernes,13,mayo,2016,2725,,
domingo,15,mayo,2016,887,,
viernes,3,junio,2016,2497,,
miércoles,29,junio,2016,2261,722,731
sábado,30,julio,2016,1471,505,405
miércoles,3,agosto,2016,2849,810,796
miércoles,25,diciembre,2013,475,,
viernes,20,diciembre,2013,2079,,
sábado,7,diciembre,2013,1253,,
domingo,8,diciembre,2013,1068,,
miércoles,22,enero,2014,2515,,
domingo,16,febrero,2014,1373,,
lunes,6,enero,2014,1838,,
sábado,15,marzo,2014,1694,,
viernes,14,marzo,2014,2714,,
lunes,17,marzo,2014,1425,,
domingo,15,junio,2014,1067,,
sábado,7,junio,2014,1256,,
miércoles,2,abril,2014,2635,,
viernes,11,abril,2014,2747,,
jueves,27,marzo,2014,2879,,
jueves,22,mayo,2014,2355,,
lunes,7,abril,2014,2457,,
jueves,9,mayo,2019,3900,1191,1468
miércoles,2,enero,2019,2665,575,747
miércoles,23,enero,2019,3893,939,1392
martes,29,enero,2019,1038,1014,1431
viernes,1,febrero,2019,3927,668,1313
sábado,2,febrero,2019,2241,643,725
viernes,22,marzo,2019,3906,941,1345
miércoles,19,junio,2019,3897,1051,1267
viernes,5,julio,2019,3822,929,1225
lunes,8,julio,2019,2588,819,962
viernes,2,agosto,2019,3507,902,1160
sábado,3,agosto,2019,2066,603,665
miércoles,7,agosto,2019,3212,732,1065
jueves,8,agosto,2019,3841,906,1237
martes,20,agosto,2019,3683,1051,1342
domingo,25,agosto,2019,2238,634,925
miércoles,28,agosto,2019,4028,1021,1314
jueves,29,agosto,2019,3804,917,1275
sábado,31,agosto,2019,2175,594,661
miércoles,4,diciembre,2013,2597,,
sábado,23,noviembre,2013,1668,,
miércoles,11,julio,2018,2705,880,1082
domingo,24,junio,2018,2196,497,992
sábado,9,junio,2018,1517,563,640
jueves,2,agosto,2018,2611,996,1126
jueves,26,julio,2018,2999,847,1064
miércoles,22,agosto,2018,2867,929,
domingo,19,agosto,2018,1373,496,
jueves,23,agosto,2018,3038,860,
viernes,10,agosto,2018,,853,
jueves,29,noviembre,2018,3496,731,1131
lunes,19,noviembre,2018,1883,391,577
martes,16,octubre,2018,3322,104,131
lunes,1,octubre,2018,3264,1035,1357
miércoles,5,marzo,2014,2884,,
sábado,26,abril,2014,1357,,
martes,15,abril,2014,1858,,
jueves,24,abril,2014,2626,,
miércoles,23,julio,2014,1997,,
martes,12,agosto,2014,1824,,
jueves,28,agosto,2014,2928,,
domingo,27,julio,2014,1356,,
miércoles,24,septiembre,2014,2417,,
sábado,27,septiembre,2014,1657,,
domingo,28,septiembre,2014,146,,
jueves,20,noviembre,2014,2325,,
martes,4,noviembre,2014,2688,,
lunes,1,diciembre,2014,2177,,
miércoles,21,enero,2015,2874,,
domingo,8,marzo,2015,1257,,
viernes,3,abril,2015,1526,,
lunes,9,marzo,2015,2822,,
miércoles,31,diciembre,2014,1351,,
martes,23,diciembre,2014,1976,,
martes,20,enero,2015,2908,,
lunes,1,agosto,2016,225,687,707
sábado,4,junio,2016,1349,,
viernes,27,mayo,2016,2454,,
lunes,9,mayo,2016,2615,,
miércoles,24,agosto,2016,1914,667,734
domingo,14,agosto,2016,1105,501,550
viernes,13,diciembre,2013,2222,,
martes,31,diciembre,2013,1554,,
miércoles,8,enero,2014,2257,,
domingo,12,enero,2014,1225,,
jueves,16,enero,2014,2271,,
martes,13,diciembre,2016,2847,954,1126
sábado,4,febrero,2017,1428,608,599
jueves,12,enero,2017,2975,1039,1154
lunes,2,enero,2017,206,677,722
miércoles,15,febrero,2017,321,1137,1291
miércoles,15,marzo,2017,2339,741,930
sábado,25,febrero,2017,1559,672,652
martes,13,febrero,2018,3575,1263,1352
domingo,11,marzo,2018,1449,306,674
martes,20,marzo,2018,3094,980,1295
lunes,3,octubre,2016,3473,937,960
miércoles,13,diciembre,2017,3133,1028,1144
domingo,26,noviembre,2017,1242,538,1386
sábado,2,diciembre,2017,1528,652,549
lunes,27,noviembre,2017,3214,1046,1191
lunes,25,diciembre,2017,675,220,218
viernes,29,diciembre,2017,,737,587
sábado,10,diciembre,2016,1291,554,541
sábado,3,diciembre,2016,1496,538,560
miércoles,29,marzo,2017,319,115,1363
martes,4,abril,2017,3242,1164,1161
martes,23,mayo,2017,3107,111,1366
lunes,19,junio,2017,2958,1015,128
viernes,7,julio,2017,5854,881,996
domingo,30,julio,2017,,590,899
martes,8,agosto,2017,,1068,1203
sábado,11,noviembre,2017,1794,703,665
martes,7,noviembre,2017,3605,,129
martes,31,octubre,2017,1915,,1153
sábado,9,septiembre,2017,,455,261
martes,19,septiembre,2017,,383,661
miércoles,9,agosto,2017,,932,103
jueves,21,septiembre,2017,,,1107
domingo,3,septiembre,2017,,591,
domingo,1,abril,2018,1438,523,548
miércoles,2,mayo,2018,3125,987,1259
sábado,19,mayo,2018,1428,634,576
miércoles,22,abril,2015,2864,,
martes,21,abril,2015,2992,,
martes,2,junio,2015,274,,
miércoles,30,diciembre,2015,1878,,
sábado,17,octubre,2015,1218,,
lunes,14,diciembre,2015,2492,,
jueves,5,noviembre,2015,3002,,
viernes,5,febrero,2016,2627,,
domingo,7,febrero,2016,941,,
sábado,23,enero,2016,1237,,
sábado,30,enero,2016,11,,
jueves,31,marzo,2016,3123,,
domingo,3,abril,2016,114,,
miércoles,23,septiembre,2015,285,,
jueves,10,septiembre,2015,282,,
viernes,16,octubre,2015,2632,,
viernes,9,octubre,2015,2837,,
miércoles,22,julio,2015,2323,,
miércoles,15,julio,2015,2717,,
domingo,19,julio,2015,1004,,
miércoles,10,febrero,2016,2127,,
miércoles,24,febrero,2016,3311,,
viernes,12,febrero,2016,2284,,
martes,1,marzo,2016,2852,,
miércoles,18,junio,2014,1775,,
jueves,19,junio,2014,1683,,
domingo,6,julio,2014,933,,
lunes,16,junio,2014,1833,,
jueves,5,junio,2014,2352,,
domingo,18,mayo,2014,1353,,
domingo,1,junio,2014,1264,,
lunes,5,mayo,2014,2313,,
domingo,5,mayo,2019,2250,683,598
sábado,16,febrero,2019,2269,598,736
viernes,12,abril,2019,4289,1145,1339
domingo,14,abril,2019,1767,555,599
jueves,25,abril,2019,4239,1075,1379
martes,30,abril,2019,3618,1089,1373
viernes,14,junio,2019,3672,934,1197
lunes,29,julio,2019,3305,859,1109
martes,4,junio,2019,3533,1069,1237
lunes,6,mayo,2019,3847,1131,1337
miércoles,22,mayo,2019,3891,1067,1320
domingo,10,marzo,2019,1943,546,662
jueves,14,marzo,2019,4184,976,1361
lunes,18,marzo,2019,1953,456,629
jueves,21,marzo,2019,4034,1063,1388
sábado,23,marzo,2019,2474,665,723
martes,16,abril,2019,3738,975,1228
lunes,29,abril,2019,3397,980,1304
martes,24,diciembre,2013,1046,,
sábado,11,enero,2014,13,,
sábado,15,febrero,2014,1574,,
viernes,28,febrero,2014,2889,,
lunes,27,enero,2014,24,,
miércoles,16,abril,2014,2073,,
martes,8,abril,2014,2625,,
miércoles,13,agosto,2014,1857,,
sábado,16,agosto,2014,1472,,
domingo,13,julio,2014,801,,
viernes,12,diciembre,2014,2082,,
domingo,14,diciembre,2014,976,,
martes,11,noviembre,2014,2265,,
martes,25,noviembre,2014,2643,,
viernes,16,mayo,2014,2592,,
martes,20,mayo,2014,2805,,
jueves,1,mayo,2014,1433,,
martes,30,septiembre,2014,2284,,
sábado,18,octubre,2014,1093,,
lunes,27,octubre,2014,2562,,
jueves,26,marzo,2015,3012,,
viernes,20,febrero,2015,2783,,
domingo,15,febrero,2015,11,,
viernes,9,enero,2015,2229,,
viernes,6,marzo,2015,2586,,
miércoles,13,mayo,2015,2068,,
lunes,4,mayo,2015,1976,,
miércoles,30,septiembre,2015,2468,,
domingo,6,septiembre,2015,103,,
miércoles,5,agosto,2015,2593,,
domingo,30,agosto,2015,138,,
domingo,23,agosto,2015,1102,,
martes,4,agosto,2015,2667,,
lunes,31,agosto,2015,2494,,
viernes,13,noviembre,2015,2679,,
sábado,14,noviembre,2015,1121,,
martes,17,noviembre,2015,2734,,
martes,1,diciembre,2015,2942,,
lunes,9,noviembre,2015,2788,,
lunes,2,noviembre,2015,1705,,
viernes,17,julio,2015,2666,,
sábado,4,julio,2015,1131,,
jueves,16,julio,2015,2844,,
domingo,1,noviembre,2015,1033,,
jueves,29,octubre,2015,2951,,
martes,27,octubre,2015,2473,,
jueves,11,agosto,2016,2906,811,897
domingo,17,julio,2016,988,413,457
martes,2,agosto,2016,2262,688,733
martes,5,julio,2016,2574,747,801
sábado,2,julio,2016,1205,438,429
jueves,23,junio,2016,2802,841,956
martes,31,mayo,2016,2647,,
martes,8,diciembre,2015,2506,,
domingo,10,enero,2016,107,,
jueves,14,enero,2016,2557,,
martes,5,enero,2016,2327,,
martes,19,abril,2016,2397,,
sábado,14,mayo,2016,1407,,
martes,10,mayo,2016,2457,,
lunes,25,abril,2016,2775,,
lunes,2,mayo,2016,2729,,
viernes,15,abril,2016,2968,,
lunes,11,abril,2016,2926,,
martes,23,febrero,2016,2709,,
martes,16,febrero,2016,2427,,
jueves,28,enero,2016,2681,,
miércoles,31,agosto,2016,2976,972,103
domingo,28,agosto,2016,1149,531,913
viernes,20,enero,2017,2917,1035,1169
jueves,1,junio,2017,2937,1002,1245
miércoles,6,diciembre,2017,335,1152,1288
viernes,10,marzo,2017,2787,926,1152
domingo,12,marzo,2017,956,473,529
jueves,30,marzo,2017,3303,1135,1161
sábado,1,abril,2017,1565,650,543
lunes,17,abril,2017,2323,840,657
jueves,6,abril,2017,2765,929,899
lunes,6,marzo,2017,2992,1093,1199
jueves,17,agosto,2017,,921,967
sábado,5,agosto,2017,,672,572
lunes,14,agosto,2017,,916,1046
miércoles,27,septiembre,2017,,,859
miércoles,6,septiembre,2017,,802,
jueves,21,diciembre,2017,2767,948,974
jueves,4,enero,2018,,936,938
miércoles,7,septiembre,2016,2931,840,990
miércoles,19,octubre,2016,2933,1018,1105
martes,11,octubre,2016,2759,969,1086
miércoles,7,diciembre,2016,3034,978,1119
viernes,18,noviembre,2016,2776,891,101
sábado,5,noviembre,2016,1523,623,626
martes,29,noviembre,2016,2941,959,1105
martes,20,diciembre,2016,264,856,943
domingo,4,diciembre,2016,964,473,438
jueves,1,diciembre,2016,284,930,1074
sábado,27,enero,2018,,629,574
jueves,25,enero,2018,,974,1072
martes,20,febrero,2018,3536,4471,1352
jueves,22,febrero,2018,3191,1163,1368
lunes,26,febrero,2018,2997,5203,1273
miércoles,25,abril,2018,326,1037,1333
miércoles,18,abril,2018,3261,1191,1347
viernes,13,abril,2018,3014,1094,1256
jueves,26,abril,2018,3224,1068,1263
jueves,12,abril,2018,3093,979,1196
jueves,5,abril,2018,2748,943,114
martes,4,diciembre,2018,3461,985,1206
lunes,3,diciembre,2018,3583,845,1209
domingo,17,noviembre,2013,1084,,
lunes,2,diciembre,2013,2211,,
sábado,14,julio,2018,1395,594,554
martes,26,junio,2018,2404,733,868
lunes,18,junio,2018,1793,691,809
lunes,4,junio,2018,3262,1085,1312
miércoles,9,mayo,2018,3213,1083,1267
sábado,12,mayo,2018,152,630,623
viernes,4,mayo,2018,2745,759,1198
miércoles,17,octubre,2018,3309,1012,1333
jueves,18,octubre,2018,353,963,1324
viernes,14,septiembre,2018,3071,820,1125
jueves,20,septiembre,2018,34,1002,1372
sábado,25,agosto,2018,1534,590,
jueves,16,agosto,2018,2841,868,
miércoles,10,julio,2019,3340,796,1172
jueves,18,julio,2019,2998,707,1119
sábado,27,julio,2019,2039,545,649
miércoles,5,junio,2019,3076,952,1211
sábado,15,junio,2019,2165,562,677
martes,18,junio,2019,3617,1085,1345
domingo,9,junio,2019,1909,655,645
lunes,10,junio,2019,3788,1031,1339
jueves,27,junio,2019,3881,800,1245
miércoles,11,diciembre,2013,2583,,
viernes,29,noviembre,2013,2259,,
miércoles,18,diciembre,2013,2282,,
sábado,25,enero,2014,1346,,
sábado,4,enero,2014,113,,
martes,14,enero,2014,243,,
miércoles,27,agosto,2014,272,,
jueves,25,septiembre,2014,2782,,
domingo,31,agosto,2014,1199,,
miércoles,18,marzo,2015,2876,,
domingo,29,marzo,2015,1357,,
lunes,29,septiembre,2014,1878,,
jueves,30,octubre,2014,2799,,
lunes,20,octubre,2014,1848,,
miércoles,7,mayo,2014,2331,,
viernes,6,junio,2014,2182,,
sábado,20,diciembre,2014,1209,,
sábado,3,enero,2015,1114,,
miércoles,26,marzo,2014,2868,,
sábado,19,abril,2014,2266,,
domingo,9,marzo,2014,1277,,
martes,22,abril,2014,2244,,
miércoles,4,febrero,2015,2896,,
miércoles,28,enero,2015,2928,,
lunes,23,febrero,2015,2655,,
viernes,8,agosto,2014,2052,,
lunes,18,agosto,2014,1589,,
jueves,26,junio,2014,1881,,
martes,24,junio,2014,1537,,
sábado,11,abril,2015,1375,,
lunes,6,abril,2015,2647,,
sábado,6,agosto,2016,961,438,396
martes,14,junio,2016,2884,333,256
martes,9,agosto,2016,26,729,695
lunes,8,agosto,2016,228,625,614
lunes,4,julio,2016,2652,825,824
jueves,25,febrero,2016,3465,,
martes,12,abril,2016,3048,,
sábado,2,abril,2016,1331,,
jueves,24,marzo,2016,1414,,
martes,29,marzo,2016,2755,,
viernes,6,mayo,2016,276,,
martes,29,septiembre,2015,2064,,
sábado,19,diciembre,2015,1152,,
miércoles,13,enero,2016,164,,
lunes,11,enero,2016,2531,,
miércoles,11,noviembre,2015,3045,,
miércoles,18,noviembre,2015,2906,,
miércoles,4,noviembre,2015,268,,
miércoles,28,octubre,2015,2184,,
jueves,22,octubre,2015,286,,
miércoles,9,diciembre,2015,2699,,
domingo,29,noviembre,2015,1141,,
viernes,27,noviembre,2015,2752,,
viernes,4,diciembre,2015,2032,,
sábado,13,febrero,2016,1203,,
viernes,19,febrero,2016,2646,,
martes,2,febrero,2016,2586,,
jueves,21,enero,2016,2618,,
miércoles,26,agosto,2015,2788,,
jueves,27,agosto,2015,2871,,
martes,25,agosto,2015,2711,,
viernes,26,junio,2015,2184,,
lunes,29,junio,2015,2231,,
domingo,17,mayo,2015,1043,,
domingo,24,mayo,2015,925,,
lunes,20,abril,2015,2925,,
sábado,10,septiembre,2016,158,572,586
martes,20,septiembre,2016,3001,887,1004
viernes,26,agosto,2016,2506,714,789
jueves,25,agosto,2016,2613,753,840
martes,12,febrero,2019,4073,1027,1436
sábado,23,febrero,2019,2117,452,924
viernes,15,marzo,2019,3957,984,1326
miércoles,20,marzo,2019,4070,1062,1375
domingo,7,abril,2019,1922,569,607
jueves,11,abril,2019,4157,1138,1484
lunes,15,abril,2019,3554,998,1154
jueves,18,abril,2019,2289,613,629
sábado,20,abril,2019,2084,447,510
miércoles,12,octubre,2016,2644,882,1001
domingo,13,noviembre,2016,1173,504,420
sábado,15,octubre,2016,1486,609,572
jueves,27,octubre,2016,2922,865,105
miércoles,28,febrero,2018,3535,1252,1368
domingo,25,febrero,2018,1452,2922,750
jueves,8,febrero,2018,3199,11,1269
miércoles,18,julio,2018,3071,972,1188
sábado,30,junio,2018,1478,590,613
domingo,10,junio,2018,1379,603,704
martes,24,julio,2018,3131,991,113
domingo,25,marzo,2018,1477,509,750
viernes,20,abril,2018,3328,1228,1304
viernes,23,marzo,2018,3221,964,1271
lunes,23,abril,2018,2835,104,1213
lunes,16,abril,2018,3078,1094,1388
miércoles,1,agosto,2018,3139,915,1171
lunes,13,agosto,2018,,720,
domingo,31,diciembre,2017,,415,572
miércoles,31,enero,2018,,1059,1065
lunes,15,enero,2018,,1005,1119
miércoles,12,diciembre,2018,3084,822,1109
lunes,17,diciembre,2018,3385,764,1023
viernes,3,febrero,2017,3019,1135,1148
domingo,5,marzo,2017,1214,504,534
lunes,27,marzo,2017,2914,105,1221
domingo,16,abril,2017,1088,522,544
domingo,23,abril,2017,1185,613,620
miércoles,14,junio,2017,2498,890,199
miércoles,24,mayo,2017,3139,1077,1257
miércoles,5,julio,2017,2642,928,1027
martes,20,junio,2017,314,1142,1392
lunes,12,junio,2017,293,1054,13
lunes,3,julio,2017,235,863,3384
domingo,20,agosto,2017,,547,647
miércoles,25,octubre,2017,,,1174
viernes,1,septiembre,2017,,732,
domingo,27,agosto,2017,,580,
miércoles,14,noviembre,2018,198,434,544
lunes,26,noviembre,2018,3676,864,1232
miércoles,21,diciembre,2016,2511,882,949
viernes,23,diciembre,2016,2083,739,745
sábado,24,diciembre,2016,810,455,336
lunes,26,diciembre,2016,1834,562,571
miércoles,7,noviembre,2018,3816,843,1256
jueves,13,septiembre,2018,2779,818,903
viernes,26,octubre,2018,356,992,1171
miércoles,19,julio,2017,,1017,1061
viernes,21,julio,2017,,878,963
jueves,20,julio,2017,,959,1081
domingo,7,julio,2019,1862,507,633
martes,23,julio,2019,3269,778,1189
martes,2,julio,2019,3553,729,1219
martes,25,junio,2019,3589,856,1203
sábado,8,junio,2019,2151,594,668
miércoles,27,noviembre,2013,2383,,
viernes,27,diciembre,2013,134,,
jueves,28,noviembre,2013,2478,,
sábado,20,enero,2018,,651,578
viernes,23,febrero,2018,3285,1141,1341
domingo,4,marzo,2018,1357,633,645
lunes,5,marzo,2018,3077,2616,1318
miércoles,7,marzo,2018,3074,2605,1423
martes,10,abril,2018,2879,1081,1334
lunes,30,abril,2018,2557,692,1034
martes,29,mayo,2018,3413,1152,131
jueves,31,mayo,2018,3189,1143,1356
miércoles,6,junio,2018,3291,1175,1322
lunes,11,junio,2018,2795,1023,1173
lunes,23,julio,2018,2966,1005,1123
miércoles,25,julio,2018,3028,962,1147
martes,7,agosto,2018,,893,
miércoles,8,agosto,2018,,973,
domingo,26,agosto,2018,1772,563,
viernes,31,agosto,2018,2901,812,
domingo,11,noviembre,2018,1769,406,681
viernes,7,diciembre,2018,3525,704,1158
sábado,28,junio,2014,937,,
sábado,31,mayo,2014,1115,,
jueves,12,junio,2014,2542,,
lunes,23,junio,2014,1491,,
sábado,13,septiembre,2014,1322,,
miércoles,20,agosto,2014,2309,,
domingo,3,agosto,2014,1256,,
jueves,21,agosto,2014,2431,,
miércoles,12,marzo,2014,2815,,
domingo,13,abril,2014,1316,,
martes,13,mayo,2014,2199,,
jueves,21,abril,2016,2482,,
martes,5,abril,2016,298,,
miércoles,1,mayo,2019,1966,635,739
sábado,11,mayo,2019,2079,659,687
domingo,9,noviembre,2014,1202,,
jueves,13,noviembre,2014,2774,,
domingo,19,octubre,2014,938,,
sábado,25,octubre,2014,1436,,
jueves,16,octubre,2014,2423,,
martes,3,mayo,2016,2831,,
jueves,12,mayo,2016,2531,,
lunes,16,mayo,2016,2636,,
domingo,22,mayo,2016,1112,,
viernes,10,junio,2016,2556,,
jueves,30,junio,2016,245,726,741
sábado,9,julio,2016,1487,550,488
lunes,18,julio,2016,2165,671,705
domingo,7,agosto,2016,1024,419,388
viernes,12,agosto,2016,2406,770,840
lunes,22,agosto,2016,2684,842,893
domingo,9,octubre,2016,812,341,355
jueves,13,octubre,2016,2907,893,1137
martes,8,noviembre,2016,194,780,918
miércoles,9,noviembre,2016,1967,662,633
sábado,12,noviembre,2016,1486,511,513
jueves,8,diciembre,2016,2868,886,1038
viernes,16,diciembre,2016,2408,809,904
viernes,30,diciembre,2016,1793,643,565
sábado,31,diciembre,2016,913,404,331
viernes,13,enero,2017,2844,1011,1021
jueves,19,enero,2017,2974,1025,1177
lunes,23,enero,2017,296,1113,1171
martes,31,enero,2017,299,1135,1247
miércoles,1,febrero,2017,3078,121,1293
domingo,19,marzo,2017,1048,495,528
sábado,25,marzo,2017,1476,677,697
martes,28,marzo,2017,3227,1119,1376
viernes,7,abril,2017,2925,1047,866
domingo,9,abril,2017,1258,566,539
miércoles,19,abril,2017,3126,1044,1172
viernes,21,abril,2017,3032,1062,901
viernes,28,abril,2017,3041,11,816
viernes,12,mayo,2017,2831,1079,1228
viernes,26,mayo,2017,311,1092,1156
martes,30,mayo,2017,3064,1143,1278
sábado,3,junio,2017,1533,688,657
domingo,13,agosto,2017,,552,549
martes,15,agosto,2017,,1062,1106
sábado,26,agosto,2017,,595,
lunes,28,agosto,2017,,723,
domingo,19,noviembre,2017,1293,535,507
martes,19,diciembre,2017,2986,101,1106
viernes,18,diciembre,2015,2151,,
domingo,22,noviembre,2015,912,,
jueves,19,noviembre,2015,2807,,
domingo,17,enero,2016,1146,,
sábado,9,enero,2016,6911,,
jueves,7,enero,2016,2436,,
viernes,30,enero,2015,2539,,
lunes,2,marzo,2015,2677,,
sábado,27,diciembre,2014,1204,,
miércoles,14,enero,2015,2737,,
viernes,16,enero,2015,2618,,
martes,13,enero,2015,2697,,
jueves,15,enero,2015,2798,,
sábado,20,febrero,2016,1249,,
viernes,29,enero,2016,2329,,
lunes,29,febrero,2016,2981,,
martes,15,marzo,2016,2662,,
sábado,15,noviembre,2014,1241,,
viernes,19,diciembre,2014,2281,,
sábado,29,noviembre,2014,122,,
lunes,15,diciembre,2014,2412,,
jueves,4,diciembre,2014,2412,,
lunes,24,noviembre,2014,2623,,
lunes,28,septiembre,2015,188,,
viernes,28,agosto,2015,2633,,
miércoles,3,junio,2015,2797,,
sábado,13,junio,2015,1584,,
viernes,12,junio,2015,233,,
jueves,2,julio,2015,2153,,
miércoles,29,abril,2015,2416,,
viernes,22,mayo,2015,2196,,
viernes,29,mayo,2015,2133,,
jueves,14,mayo,2015,1402,,
miércoles,29,julio,2015,2875,,
domingo,9,agosto,2015,1203,,
lunes,24,agosto,2015,2558,,
viernes,10,abril,2015,2879,,
sábado,21,marzo,2015,1773,,
viernes,24,abril,2015,297,,
jueves,2,abril,2015,1382,,
sábado,5,enero,2019,1777,616,577
martes,22,enero,2019,4119,432,1381
lunes,28,enero,2019,3863,737,1372
jueves,31,enero,2019,3225,969,1381
jueves,7,febrero,2019,4212,981,1445
domingo,3,marzo,2019,1907,577,669
sábado,6,abril,2019,2387,677,705
miércoles,17,abril,2019,3399,977,1158
lunes,22,abril,2019,3457,880,1195
martes,23,abril,2019,4026,1118,1309
miércoles,24,julio,2019,3599,854,1207
jueves,4,julio,2019,3485,676,1180
martes,6,septiembre,2016,3019,843,1003
viernes,9,septiembre,2016,2947,837,938
jueves,29,septiembre,2016,2871,719,829
domingo,16,octubre,2016,956,541,451
viernes,21,octubre,2016,2667,872,1043
sábado,17,diciembre,2016,1206,625,577
martes,27,diciembre,2016,2078,660,716
domingo,29,enero,2017,1204,595,1172
lunes,6,febrero,2017,1184,462,505
miércoles,8,febrero,2017,3174,1164,1336
viernes,10,febrero,2017,3183,1127,1248
domingo,12,febrero,2017,1589,514,708
martes,14,marzo,2017,296,983,1189
sábado,8,abril,2017,15,650,568
jueves,20,abril,2017,3269,1036,1206
jueves,18,mayo,2017,3013,1064,1277
miércoles,7,junio,2017,2727,994,1227
sábado,10,junio,2017,165,719,977
viernes,16,junio,2017,3016,102,1298
jueves,29,junio,2017,2414,860,1301
martes,4,julio,2017,2442,893,3184
sábado,8,julio,2017,1199,475,508
lunes,10,julio,2017,13676,757,884
lunes,31,julio,2017,,992,1022
jueves,31,agosto,2017,,795,
domingo,10,septiembre,2017,,494,419
lunes,11,septiembre,2017,,1012,1055
martes,12,septiembre,2017,,1093,1167
martes,26,septiembre,2017,,,984
martes,17,octubre,2017,,,1204
domingo,22,octubre,2017,,,597
sábado,28,octubre,2017,,,675
martes,28,noviembre,2017,3267,1134,1271
viernes,22,diciembre,2017,2518,878,840
martes,26,diciembre,2017,7,635,646
miércoles,27,diciembre,2017,,806,747
jueves,28,diciembre,2017,,738,653
martes,2,enero,2018,,700,717
domingo,7,enero,2018,,559,565
martes,9,enero,2018,,1018,1137
martes,16,enero,2018,,1084,1165
miércoles,17,enero,2018,,1098,1187
viernes,26,enero,2018,,101,1018
sábado,17,febrero,2018,1707,723,742
jueves,19,abril,2018,3318,1132,1376
martes,1,mayo,2018,1533,609,667
martes,8,mayo,2018,2269,711,1029
viernes,18,mayo,2018,3028,105,1279
martes,19,junio,2018,2735,836,1085
viernes,29,junio,2018,2866,898,1045
jueves,19,julio,2018,3109,919,1158
domingo,5,agosto,2018,1057,393,
lunes,20,agosto,2018,2692,913,
viernes,7,septiembre,2018,3265,988,1209
lunes,10,septiembre,2018,3302,967,1395
miércoles,19,septiembre,2018,2789,988,126
lunes,15,octubre,2018,3424,1003,1263
sábado,27,octubre,2018,1866,552,658
lunes,29,octubre,2018,2929,856,1173
martes,13,noviembre,2018,348,717,1253
sábado,17,noviembre,2018,1961,480,603
martes,20,noviembre,2018,3599,986,1291
miércoles,28,noviembre,2018,3889,934,1183
sábado,8,diciembre,2018,206,603,578
martes,11,diciembre,2018,3521,663,123
viernes,11,julio,2014,2445,,
sábado,9,agosto,2014,1598,,
domingo,10,agosto,2014,1228,,
domingo,17,agosto,2014,1289,,
viernes,29,agosto,2014,2653,,
martes,2,septiembre,2014,1906,,
domingo,7,septiembre,2014,1091,,
miércoles,17,septiembre,2014,2477,,
jueves,18,septiembre,2014,2731,,
sábado,11,octubre,2014,1298,,
sábado,8,noviembre,2014,1559,,
miércoles,19,noviembre,2014,2591,,
domingo,7,diciembre,2014,939,,
jueves,18,diciembre,2014,2488,,
jueves,22,enero,2015,2788,,
domingo,8,febrero,2015,1629,,
miércoles,11,febrero,2015,2109,,
jueves,12,marzo,2015,2654,,
domingo,15,marzo,2015,801,,
domingo,22,marzo,2015,1173,,
miércoles,1,abril,2015,2055,,
sábado,4,abril,2015,1587,,
jueves,23,abril,2015,3092,,
sábado,2,mayo,2015,1149,,
jueves,7,mayo,2015,2759,,
lunes,11,mayo,2015,2275,,
lunes,1,junio,2015,2563,,
jueves,18,junio,2015,2154,,
lunes,20,julio,2015,2679,,
jueves,23,julio,2015,216,,
viernes,24,julio,2015,2207,,
domingo,2,agosto,2015,1787,,
viernes,14,agosto,2015,2623,,
viernes,21,agosto,2015,2219,,
jueves,24,septiembre,2015,2906,,
viernes,6,noviembre,2015,2797,,
jueves,3,diciembre,2015,2362,,
martes,15,diciembre,2015,2781,,
jueves,24,diciembre,2015,1139,,
martes,12,enero,2016,2614,,
jueves,18,febrero,2016,2571,,
miércoles,2,marzo,2016,3045,,
viernes,4,marzo,2016,332,,
lunes,7,marzo,2016,2595,,
jueves,10,marzo,2016,2143,,
miércoles,4,mayo,2016,2832,,
jueves,5,mayo,2016,2727,,
jueves,19,mayo,2016,2917,,
lunes,13,junio,2016,2493,,
viernes,17,junio,2016,2695,889,856
lunes,20,junio,2016,1868,664,726
domingo,26,junio,2016,1746,541,2533
martes,28,junio,2016,2824,828,905
viernes,1,julio,2016,1675,492,450
jueves,19,diciembre,2013,2165,,
martes,26,noviembre,2013,2761,,
lunes,30,diciembre,2013,1522,,
miércoles,1,enero,2014,727,,
lunes,17,febrero,2014,2476,,
viernes,3,enero,2014,1524,,
viernes,21,febrero,2014,2787,,
viernes,7,marzo,2014,2577,,
martes,25,marzo,2014,2655,,
jueves,6,marzo,2014,2753,,
domingo,29,junio,2014,1037,,
viernes,23,mayo,2014,2137,,
jueves,29,mayo,2014,2919,,
domingo,20,abril,2014,1181,,
lunes,13,mayo,2019,3564,1029,1360
sábado,25,mayo,2019,2093,469,683
sábado,12,enero,2019,1985,509,770
domingo,27,enero,2019,2165,643,841
martes,5,febrero,2019,4035,767,1421
domingo,17,marzo,2019,1845,537,592
domingo,31,marzo,2019,2632,407,875
martes,2,abril,2019,4361,804,1502
domingo,28,abril,2019,1607,602,700
jueves,13,junio,2019,3415,1020,1183
sábado,20,julio,2019,2013,541,617
lunes,15,julio,2019,3406,808,1110
jueves,5,septiembre,2019,3727,976,1290
viernes,6,septiembre,2019,3840,953,1158
lunes,9,septiembre,2019,3553,975,1262
jueves,12,septiembre,2019,3586,929,1162
domingo,15,septiembre,2019,1662,498,506
miércoles,18,septiembre,2019,2923,795,1038
sábado,21,septiembre,2019,2341,650,738
jueves,26,septiembre,2019,3868,989,1251
domingo,4,agosto,2019,1702,530,588
viernes,9,agosto,2019,3199,833,1185
sábado,10,agosto,2019,1972,625,741
lunes,12,agosto,2019,3183,867,1113
martes,13,agosto,2019,3522,910,1204
miércoles,14,agosto,2019,3685,970,1244
jueves,15,agosto,2019,3651,885,1228
viernes,16,agosto,2019,3580,908,1204
sábado,17,agosto,2019,1990,500,619
jueves,22,agosto,2019,3437,878,1123
viernes,23,agosto,2019,3376,829,1159
sábado,24,agosto,2019,1957,635,714
domingo,1,septiembre,2019,1835,583,667
martes,3,septiembre,2019,4005,1087,1375
sábado,14,septiembre,2019,1758,491,536
lunes,16,septiembre,2019,1145,283,468
viernes,20,septiembre,2019,2976,845,1032
martes,24,septiembre,2019,2833,880,1129
domingo,29,septiembre,2019,1093,434,681
lunes,30,septiembre,2019,2956,843,1039
sabado,1,febrero,2020,1890,124,648
viernes,7,febrero,2020,3778,226,1347
sábado,15,febrero,2020,1939,153,677
lunes,17,febrero,2020,3575,289,1284
miércoles,19,febrero,2020,4058,287,1447
jueves,20,febrero,2020,4003,307,1403
sábado,22,febrero,2020,2235,187,910
lunes,24,febrero,2020,3691,272,1335
martes,25,febrero,2020,3893,310,1437
viernes,28,febrero,2020,3886,259,1363
jueves,5,marzo,2020,4076,309,1368
viernes,6,marzo,2020,3791,251,1353
sábado,7,marzo,2020,2141,131,725
miércoles,11,marzo,2020,4059,317,1529
sábado,14,marzo,2020,1967,125,644
domingo,15,marzo,2020,1471,82,545
lunes,16,marzo,2020,1534,93,554
martes,17,marzo,2020,3057,208,1100
miércoles,18,marzo,2020,2822,200,1035
jueves,19,marzo,2020,2515,171,940
viernes,20,marzo,2020,2486,166,894
miércoles,8,abril,2020,1400,79,504
jueves,9,abril,2020,1166,59,438
viernes,10,abril,2020,1218,76,419
sábado,11,abril,2020,1188,56,459
lunes,13,abril,2020,1297,70,483
jueves,16,abril,2020,1384,83,513
viernes,17,abril,2020,1393,93,521
sábado,18,abril,2020,1212,82,466
viernes,24,abril,2020,1278,71,543
miércoles,29,abril,2020,1302,74,482
jueves,30,abril,2020,1226,74,557
viernes,1,mayo,2020,1203,66,498
lunes,4,mayo,2020,1277,73,486
viernes,8,mayo,2020,1328,71,542
sábado,9,mayo,2020,1248,54,486
domingo,10,mayo,2020,1297,48,485
lunes,18,mayo,2020,1258,49,493
sábado,23,mayo,2020,1515,0,602
domingo,31,mayo,2020,1713,53,695
lunes,1,junio,2020,1461,71,530
martes,2,junio,2020,1671,75,561
miércoles,3,junio,2020,1748,79,606
martes,9,junio,2020,1493,653,543
miércoles,10,junio,2020,1745,739,609
jueves,11,junio,2020,1675,679,587
martes,16,junio,2020,1868,721,648
jueves,25,junio,2020,1541,685,515
viernes,26,junio,2020,1871,690,621
viernes,3,julio,2020,1830,742,667
sabado,4,julio,2020,1823,679,639
martes,7,julio,2020,1804,755,646
martes,4,febrero,2020,3518,290,1306
miércoles,5,febrero,2020,3618,326,1299
lunes,10,febrero,2020,3527,270,1328
miércoles,12,febrero,2020,3884,270,1416
jueves,13,febrero,2020,3942,261,1336
viernes,14,febrero,2020,3366,202,1201
martes,18,febrero,2020,3880,316,1430
miércoles,26,febrero,2020,3829,297,1409
martes,3,marzo,2020,4078,279,1366
domingo,8,marzo,2020,3071,130,606
lunes,23,marzo,2020,2064,140,715
miércoles,25,marzo,2020,2058,117,692
jueves,26,marzo,2020,1886,139,690
sábado,28,marzo,2020,1587,79,529
domingo,29,marzo,2020,1575,68,538
lunes,30,marzo,2020,1659,104,582
martes,31,marzo,2020,1694,116,567
jueves,2,abril,2020,1531,95,533
viernes,3,abril,2020,1391,90,530
sabado,4,abril,2020,1192,77,532
lunes,6,abril,2020,1386,80,488
martes,21,abril,2020,1198,37,436
miércoles,22,abril,2020,1213,68,468
jueves,23,abril,2020,1339,60,462
domingo,26,abril,2020,1440,88,581
domingo,3,mayo,2020,1543,50,599
martes,12,mayo,2020,1375,66,523
jueves,14,mayo,2020,1467,78,576
domingo,17,mayo,2020,1816,43,648
martes,19,mayo,2020,1484,57,571
viernes,22,mayo,2020,1431,0,541
lunes,25,mayo,2020,1346,64,553
jueves,28,mayo,2020,1427,73,608
sabado,6,junio,2020,1741,657,636
viernes,12,junio,2020,1859,718,678
domingo,14,junio,2020,2391,558,755
lunes,15,junio,2020,1711,659,547
lunes,22,junio,2020,1070,502,398
miércoles,24,junio,2020,1528,626,522
domingo,28,junio,2020,2568,571,818
lunes,29,junio,2020,1539,669,521
miércoles,1,julio,2020,1780,660,626
jueves,2,julio,2020,1938,738,667
domingo,5,julio,2020,2471,619,758
lunes,6,julio,2020,1623,702,551
sábado,18,julio,2020,,706,686
lunes,20,julio,2020,,750,581
viernes,24,julio,2020,,763,729
sábado,25,julio,2020,,645,697
miércoles,29,julio,2020,,716,650
jueves,30,julio,2020,,737,656
domingo,2,agosto,2020,,,823
martes,4,agosto,2020,,686,598
miercoles,5,agosto,2020,,811,737
viernes,7,agosto,2020,,800,768
viernes,14,agosto,2020,,711,681
lunes,17,agosto,2020,,693,570
jueves,20,agosto,2020,,595,591
martes,25,agosto,2020,,724,653
sábado,29,agosto,2020,,488,685
domingo,30,agosto,2020,,569,899
lunes,31,agosto,2020,,555,571
sábado,5,septiembre,2020,,547,656
domingo,6,septiembre,2020,,563,845
lunes,7,septiembre,2020,,650,533
miércoles,9,septiembre,2020,,715,733
viernes,11,septiembre,2020,,666,721
lunes,14,septiembre,2020,,594,609
sábado,26,septiembre,2020,,653,710
martes,29,septiembre,2020,,633,571
miércoles,30,septiembre,2020,,750,670
jueves,9,julio,2020,1597,690,572
viernes,10,julio,2020,2053,789,664
sábado,11,julio,2020,1913,710,674
domingo,12,julio,2020,2550,605,814
lunes,13,julio,2020,1835,711,565
miércoles,15,julio,2020,2008,738,643
domingo,19,julio,2020,,634,878
martes,21,julio,2020,,802,676
miércoles,22,julio,2020,,832,710
domingo,26,julio,2020,,530,763
martes,28,julio,2020,,732,654
sabado,1,agosto,2020,,,652
lunes,3,agosto,2020,,649,531
jueves,6,agosto,2020,,581,618
domingo,9,agosto,2020,,557,821
miércoles,12,agosto,2020,,716,690
jueves,13,agosto,2020,,789,688
domingo,16,agosto,2020,,524,838
miércoles,19,agosto,2020,,716,658
sábado,22,agosto,2020,,636,679
domingo,23,agosto,2020,,598,865
miércoles,26,agosto,2020,,751,638
miércoles,2,septiembre,2020,,670,743
jueves,3,septiembre,2020,,721,783
martes,8,septiembre,2020,,775,661
jueves,10,septiembre,2020,,661,591
domingo,13,septiembre,2020,,618,868
viernes,18,septiembre,2020,,554,496
sábado,19,septiembre,2020,,602,553
domingo,20,septiembre,2020,,572,689
lunes,21,septiembre,2020,,611,498
martes,22,septiembre,2020,,712,683
miércoles,23,septiembre,2020,,716,695
jueves,24,septiembre,2020,,749,660
domingo,27,septiembre,2020,,586,890
lunes,28,septiembre,2020,,660,620
domingo,2,febrero,2020,1472,98,498
lunes,3,febrero,2020,1603,103,586
jueves,6,febrero,2020,3699,246,1446
sábado,8,febrero,2020,2286,120,733
domingo,9,febrero,2020,1869,114,664
martes,11,febrero,2020,3771,275,1401
domingo,16,febrero,2020,1695,98,663
viernes,21,febrero,2020,3882,209,1386
domingo,23,febrero,2020,1893,112,666
jueves,27,febrero,2020,3860,276,1477
sabado,29,febrero,2020,2274,131,698
domingo,1,marzo,2020,1813,107,634
lunes,2,marzo,2020,3783,267,1293
miércoles,4,marzo,2020,3919,331,1374
lunes,9,marzo,2020,3222,235,1106
martes,10,marzo,2020,3892,295,1481
jueves,12,marzo,2020,4005,335,1485
viernes,13,marzo,2020,3821,264,1414
sábado,21,marzo,2020,1413,94,546
domingo,22,marzo,2020,2047,80,702
martes,24,marzo,2020,1993,159,721
viernes,27,marzo,2020,1921,130,654
miércoles,1,abril,2020,1634,98,531
domingo,5,abril,2020,1413,68,541
martes,7,abril,2020,1491,77,561
domingo,12,abril,2020,1459,61,466
martes,14,abril,2020,1408,78,492
miércoles,15,abril,2020,1431,78,508
domingo,19,abril,2020,1481,64,527
lunes,20,abril,2020,1345,69,476
sábado,25,abril,2020,1201,58,490
lunes,27,abril,2020,1346,66,507
martes,28,abril,2020,1253,66,464
sabado,2,mayo,2020,1419,65,540
martes,5,mayo,2020,1195,42,461
miércoles,6,mayo,2020,1054,62,446
jueves,7,mayo,2020,1162,67,469
lunes,11,mayo,2020,1060,61,381
miércoles,13,mayo,2020,1341,70,517
viernes,15,mayo,2020,1491,85,612
sábado,16,mayo,2020,1542,63,593
miércoles,20,mayo,2020,1460,60,563
jueves,21,mayo,2020,1477,0,572
domingo,24,mayo,2020,1943,0,721
martes,26,mayo,2020,1612,75,620
miércoles,27,mayo,2020,1501,65,535
viernes,29,mayo,2020,1541,80,730
sabado,30,mayo,2020,1521,74,628
jueves,4,junio,2020,1776,18,584
viernes,5,junio,2020,1457,763,635
domingo,7,junio,2020,2186,516,692
lunes,8,junio,2020,1200,529,504
sábado,13,junio,2020,1970,695,652
miércoles,17,junio,2020,1842,681,649
jueves,18,junio,2020,1948,633,611
viernes,19,junio,2020,2029,800,682
sábado,20,junio,2020,1535,527,590
domingo,21,junio,2020,2106,618,736
martes,23,junio,2020,1413,577,532
sábado,27,junio,2020,1961,693,700
martes,30,junio,2020,1778,741,565
miércoles,8,julio,2020,1861,685,627
martes,14,julio,2020,1782,774,627
jueves,16,julio,2020,,749,693
viernes,17,julio,2020,,858,697
jueves,23,julio,2020,,748,697
lunes,27,julio,2020,,617,551
viernes,31,julio,2020,,657,598
sábado,8,agosto,2020,,657,739
lunes,10,agosto,2020,,540,570
martes,11,agosto,2020,,661,649
sábado,15,agosto,2020,,718,622
martes,18,agosto,2020,,653,707
viernes,21,agosto,2020,,731,726
lunes,24,agosto,2020,,631,550
jueves,27,agosto,2020,,686,614
viernes,28,agosto,2020,,661,608
martes,1,septiembre,2020,,744,758
viernes,4,septiembre,2020,,693,713
sábado,12,septiembre,2020,,659,632
martes,15,septiembre,2020,,626,625
miércoles,16,septiembre,2020,,435,553
jueves,17,septiembre,2020,,673,636
viernes,25,septiembre,2020,,733,613
